CADENA;COD;DESCRIPCION;MARCA;COD LOCAL;DESCRIPCION LOCAL;FORMATO;VTA;STOCK;DESCRIPCION LOCAL2
SPSA.xlsx;20009807;BADIA-CANELA-EN-POLVO-UN-14-20-GR;BADIA;64;SPSA-PVEA-MIRAFLORES;PLAZA VEA;29;19;PLAZA VEA MIRAFLORES
SPSA.xlsx;20009807;BADIA-CANELA-EN-POLVO-UN-14-20-GR;BADIA;81;SPSA-PVEA-LA-MOLINA;PLAZA VEA;22;21;PLAZA VEA LA MOLINA
SPSA.xlsx;20009807;BADIA-CANELA-EN-POLVO-UN-14-20-GR;BADIA;95;SPSA-VIVANDA-MONTERRICO;VIVANDA;24;11;VIVANDA MONTERRICO
SPSA.xlsx;20009807;BADIA-CANELA-EN-POLVO-UN-14-20-GR;BADIA;227;SPSA-PVEA-SAN-ISIDRO;PLAZA VEA;19;25;PLAZA VEA SAN ISIDRO
SPSA.xlsx;20009807;BADIA-CANELA-EN-POLVO-UN-14-20-GR;BADIA;90;SPSA-VIVANDA-PEZET;VIVANDA;13;15;VIVANDA PEZET
SPSA.xlsx;20009807;BADIA-CANELA-EN-POLVO-UN-14-20-GR;BADIA;93;SPSA-VIVANDA-DOS-DE-MAYO;VIVANDA;12;12;VIVANDA DOS DE MAYO
SPSA.xlsx;20009807;BADIA-CANELA-EN-POLVO-UN-14-20-GR;BADIA;109;SPSA-PVEA-DASSO;PLAZA VEA;13;23;PLAZA VEA DASSO
SPSA.xlsx;20009807;BADIA-CANELA-EN-POLVO-UN-14-20-GR;BADIA;195;SPSA-PVEA-SAN-BORJA;PLAZA VEA;5;21;PLAZA VEA SAN BORJA
SPSA.xlsx;20009807;BADIA-CANELA-EN-POLVO-UN-14-20-GR;BADIA;94;SPSA-VIVANDA-BENAVIDES;VIVANDA;8;20;VIVANDA BENAVIDES
SPSA.xlsx;20009807;BADIA-CANELA-EN-POLVO-UN-14-20-GR;BADIA;140;SPSA-VIVANDA-LIBERTADORES;VIVANDA;15;9;VIVANDA LIBERTADORES
SPSA.xlsx;20009807;BADIA-CANELA-EN-POLVO-UN-14-20-GR;BADIA;10;SPSA-PVEA-CAMINOS-DEL-INCA;PLAZA VEA;46;18;PLAZA VEA CAMINOS DEL INCA
SPSA.xlsx;20009807;BADIA-CANELA-EN-POLVO-UN-14-20-GR;BADIA;290;SPSA-VIVANDA-ASIA;VIVANDA;7;6;VIVANDA ASIA
SPSA.xlsx;20009807;BADIA-CANELA-EN-POLVO-UN-14-20-GR;BADIA;61;SPSA-PVEA-CORTIJO;PLAZA VEA;16;19;PLAZA VEA CORTIJO
SPSA.xlsx;20009807;BADIA-CANELA-EN-POLVO-UN-14-20-GR;BADIA;106;SPSA-PVEA-VALLE-HERMOSO;PLAZA VEA;15;13;PLAZA VEA VALLE HERMOSO
SPSA.xlsx;20009807;BADIA-CANELA-EN-POLVO-UN-14-20-GR;BADIA;917;SPSA-CD-PUNTA-NEGRA;CD;0;-36;CD PUNTA NEGRA
SPSA.xlsx;20149426;BADIA-CURRY-EN-POLVO-X-56-7GR;BADIA;109;SPSA-PVEA-DASSO;PLAZA VEA;19;18;PLAZA VEA DASSO
SPSA.xlsx;20149426;BADIA-CURRY-EN-POLVO-X-56-7GR;BADIA;37;SPSA-PVEA-JOCKEY;PLAZA VEA;5;18;PLAZA VEA JOCKEY
SPSA.xlsx;20149426;BADIA-CURRY-EN-POLVO-X-56-7GR;BADIA;509;PIURA-2-MK;MAKRO;10;22;MAKRO PIURA 2
SPSA.xlsx;20149426;BADIA-CURRY-EN-POLVO-X-56-7GR;BADIA;564;MAKRO-CHICLAYO;MAKRO;4;37;MAKRO CHICLAYO
SPSA.xlsx;20149426;BADIA-CURRY-EN-POLVO-X-56-7GR;BADIA;448;ZARATE-2- -MK;MAKRO;8;26;MAKRO ZARATE 2
SPSA.xlsx;20149426;BADIA-CURRY-EN-POLVO-X-56-7GR;BADIA;95;SPSA-VIVANDA-MONTERRICO;VIVANDA;15;43;VIVANDA MONTERRICO
SPSA.xlsx;20149426;BADIA-CURRY-EN-POLVO-X-56-7GR;BADIA;510;AREQUIPA-2-MK;MAKRO;15;27;MAKRO AREQUIPA 2
SPSA.xlsx;20149426;BADIA-CURRY-EN-POLVO-X-56-7GR;BADIA;892;MAKRO-PIURA;MAKRO;10;28;MAKRO PIURA
SPSA.xlsx;20149426;BADIA-CURRY-EN-POLVO-X-56-7GR;BADIA;106;SPSA-PVEA-VALLE-HERMOSO;PLAZA VEA;9;17;PLAZA VEA VALLE HERMOSO
SPSA.xlsx;20149426;BADIA-CURRY-EN-POLVO-X-56-7GR;BADIA;899;MAKRO-TRUJILLO-II;MAKRO;4;29;MAKRO TRUJILLO II
SPSA.xlsx;20149426;BADIA-CURRY-EN-POLVO-X-56-7GR;BADIA;93;SPSA-VIVANDA-DOS-DE-MAYO;VIVANDA;7;10;VIVANDA DOS DE MAYO
SPSA.xlsx;20149426;BADIA-CURRY-EN-POLVO-X-56-7GR;BADIA;511;SULLANA-MK;MAKRO;9;21;MAKRO SULLANA
SPSA.xlsx;20149426;BADIA-CURRY-EN-POLVO-X-56-7GR;BADIA;132;SPSA-PVEA-EL-EJERCITO;PLAZA VEA;7;12;PLAZA VEA EL EJERCITO
SPSA.xlsx;20149426;BADIA-CURRY-EN-POLVO-X-56-7GR;BADIA;896;MAKRO-CHINCHA;MAKRO;11;23;MAKRO CHINCHA
SPSA.xlsx;20149426;BADIA-CURRY-EN-POLVO-X-56-7GR;BADIA;769;SPSA-PVEA-CHICLAYO-MALL;PLAZA VEA;3;19;PLAZA VEA CHICLAYO MALL
SPSA.xlsx;20149426;BADIA-CURRY-EN-POLVO-X-56-7GR;BADIA;358;MAKRO-CALLAO;MAKRO;25;37;MAKRO CALLAO
SPSA.xlsx;20149426;BADIA-CURRY-EN-POLVO-X-56-7GR;BADIA;10;SPSA-PVEA-CAMINOS-DEL-INCA;PLAZA VEA;24;16;PLAZA VEA CAMINOS DEL INCA
SPSA.xlsx;20149426;BADIA-CURRY-EN-POLVO-X-56-7GR;BADIA;48;SPSA-PVEA-HIGUERETA;PLAZA VEA;16;6;PLAZA VEA HIGUERETA
SPSA.xlsx;20149426;BADIA-CURRY-EN-POLVO-X-56-7GR;BADIA;1058;MAKRO-HUAYLAS;MAKRO;11;29;MAKRO HUAYLAS
SPSA.xlsx;20149426;BADIA-CURRY-EN-POLVO-X-56-7GR;BADIA;1252;MAKRO-SAN-MARTIN-DE-PORRES;MAKRO;27;27;MAKRO SAN MARTIN DE PORRES
SPSA.xlsx;20149426;BADIA-CURRY-EN-POLVO-X-56-7GR;BADIA;290;SPSA-VIVANDA-ASIA;VIVANDA;1;31;VIVANDA ASIA
SPSA.xlsx;20149426;BADIA-CURRY-EN-POLVO-X-56-7GR;BADIA;90;SPSA-VIVANDA-PEZET;VIVANDA;12;12;VIVANDA PEZET
SPSA.xlsx;20149426;BADIA-CURRY-EN-POLVO-X-56-7GR;BADIA;195;SPSA-PVEA-SAN-BORJA;PLAZA VEA;9;15;PLAZA VEA SAN BORJA
SPSA.xlsx;20149426;BADIA-CURRY-EN-POLVO-X-56-7GR;BADIA;81;SPSA-PVEA-LA-MOLINA;PLAZA VEA;19;20;PLAZA VEA LA MOLINA
SPSA.xlsx;20149426;BADIA-CURRY-EN-POLVO-X-56-7GR;BADIA;229;SPSA-PVEA-SALAVERRY;PLAZA VEA;40;11;PLAZA VEA SALAVERRY
SPSA.xlsx;20149426;BADIA-CURRY-EN-POLVO-X-56-7GR;BADIA;1250;MAKRO-CHIMBOTE;MAKRO;4;27;MAKRO CHIMBOTE
SPSA.xlsx;20149426;BADIA-CURRY-EN-POLVO-X-56-7GR;BADIA;140;SPSA-VIVANDA-LIBERTADORES;VIVANDA;11;11;VIVANDA LIBERTADORES
SPSA.xlsx;20149426;BADIA-CURRY-EN-POLVO-X-56-7GR;BADIA;61;SPSA-PVEA-CORTIJO;PLAZA VEA;17;15;PLAZA VEA CORTIJO
SPSA.xlsx;20149426;BADIA-CURRY-EN-POLVO-X-56-7GR;BADIA;897;MAKRO-ICA;MAKRO;16;17;MAKRO ICA
SPSA.xlsx;20149426;BADIA-CURRY-EN-POLVO-X-56-7GR;BADIA;1033;MAKRO-VENEZUELA;MAKRO;19;32;MAKRO VENEZUELA
SPSA.xlsx;20149426;BADIA-CURRY-EN-POLVO-X-56-7GR;BADIA;522;MAKRO-AREQUIPA;MAKRO;9;35;MAKRO AREQUIPA
SPSA.xlsx;20149426;BADIA-CURRY-EN-POLVO-X-56-7GR;BADIA;1199;SPSA-PVEA-SAN-MIGUEL;PLAZA VEA;8;10;PLAZA VEA SAN MIGUEL
SPSA.xlsx;20149426;BADIA-CURRY-EN-POLVO-X-56-7GR;BADIA;139;SPSA-PVEA-ALAMEDA-SUR;PLAZA VEA;8;24;PLAZA VEA ALAMEDA SUR
SPSA.xlsx;20149426;BADIA-CURRY-EN-POLVO-X-56-7GR;BADIA;145;SPSA-PVEA-PIURA;PLAZA VEA;9;17;PLAZA VEA PIURA
SPSA.xlsx;20149426;BADIA-CURRY-EN-POLVO-X-56-7GR;BADIA;895;MAKRO-HUANCAYO;MAKRO;19;28;MAKRO HUANCAYO
SPSA.xlsx;20149426;BADIA-CURRY-EN-POLVO-X-56-7GR;BADIA;710;MAKRO-SAN-JUAN-DE-LURIGANCHO;MAKRO;10;31;MAKRO SAN JUAN DE LURIGANCHO
SPSA.xlsx;20149426;BADIA-CURRY-EN-POLVO-X-56-7GR;BADIA;898;MAKRO-HUACHO;MAKRO;1;24;MAKRO HUACHO
SPSA.xlsx;20149426;BADIA-CURRY-EN-POLVO-X-56-7GR;BADIA;360;MAKRO-SURCO;MAKRO;34;32;MAKRO SURCO
SPSA.xlsx;20149426;BADIA-CURRY-EN-POLVO-X-56-7GR;BADIA;894;MAKRO-VILLA-EL-SALVADOR;MAKRO;12;32;MAKRO VILLA EL SALVADOR
SPSA.xlsx;20149426;BADIA-CURRY-EN-POLVO-X-56-7GR;BADIA;2273;MAKRO-SJM;MAKRO;6;30;MAKRO SAN JUAN DE MIRAFLORES
SPSA.xlsx;20149426;BADIA-CURRY-EN-POLVO-X-56-7GR;BADIA;449;CUSCO-MK;MAKRO;36;24;MAKRO CUSCO
SPSA.xlsx;20149426;BADIA-CURRY-EN-POLVO-X-56-7GR;BADIA;893;MAKRO-COMAS;MAKRO;12;28;MAKRO COMAS
SPSA.xlsx;20149426;BADIA-CURRY-EN-POLVO-X-56-7GR;BADIA;357;MAKRO-INDEPENDENCIA;MAKRO;20;19;MAKRO INDEPENDENCIA
SPSA.xlsx;20149426;BADIA-CURRY-EN-POLVO-X-56-7GR;BADIA;891;MAKRO-TRUJILLO-I;MAKRO;17;31;MAKRO TRUJILLO I
SPSA.xlsx;20149426;BADIA-CURRY-EN-POLVO-X-56-7GR;BADIA;223;SPSA-PVEA-CUSCO-ARSOBIZPO;PLAZA VEA;29;13;PLAZA VEA CUSCO ARSOBIZPO
SPSA.xlsx;20149426;BADIA-CURRY-EN-POLVO-X-56-7GR;BADIA;64;SPSA-PVEA-MIRAFLORES;PLAZA VEA;24;7;PLAZA VEA MIRAFLORES
SPSA.xlsx;20149426;BADIA-CURRY-EN-POLVO-X-56-7GR;BADIA;94;SPSA-VIVANDA-BENAVIDES;VIVANDA;15;10;VIVANDA BENAVIDES
SPSA.xlsx;20149426;BADIA-CURRY-EN-POLVO-X-56-7GR;BADIA;227;SPSA-PVEA-SAN-ISIDRO;PLAZA VEA;13;22;PLAZA VEA SAN ISIDRO
SPSA.xlsx;20149426;BADIA-CURRY-EN-POLVO-X-56-7GR;BADIA;359;MAKRO-SANTA-ANITA;MAKRO;35;39;MAKRO SANTA ANITA
SPSA.xlsx;20149426;BADIA-CURRY-EN-POLVO-X-56-7GR;BADIA;1249;MAKRO-CANETE;MAKRO;0;126;MAKRO CANETE
SPSA.xlsx;20009795;BADIA-PIMIENTA-ROJA-PICADA-BL-14-20-GR;BADIA;109;SPSA-PVEA-DASSO;PLAZA VEA;30;14;PLAZA VEA DASSO
SPSA.xlsx;20009795;BADIA-PIMIENTA-ROJA-PICADA-BL-14-20-GR;BADIA;10;SPSA-PVEA-CAMINOS-DEL-INCA;PLAZA VEA;39;13;PLAZA VEA CAMINOS DEL INCA
SPSA.xlsx;20009795;BADIA-PIMIENTA-ROJA-PICADA-BL-14-20-GR;BADIA;61;SPSA-PVEA-CORTIJO;PLAZA VEA;43;7;PLAZA VEA CORTIJO
SPSA.xlsx;20009795;BADIA-PIMIENTA-ROJA-PICADA-BL-14-20-GR;BADIA;140;SPSA-VIVANDA-LIBERTADORES;VIVANDA;14;10;VIVANDA LIBERTADORES
SPSA.xlsx;20009795;BADIA-PIMIENTA-ROJA-PICADA-BL-14-20-GR;BADIA;106;SPSA-PVEA-VALLE-HERMOSO;PLAZA VEA;23;15;PLAZA VEA VALLE HERMOSO
SPSA.xlsx;20009795;BADIA-PIMIENTA-ROJA-PICADA-BL-14-20-GR;BADIA;195;SPSA-PVEA-SAN-BORJA;PLAZA VEA;15;9;PLAZA VEA SAN BORJA
SPSA.xlsx;20009795;BADIA-PIMIENTA-ROJA-PICADA-BL-14-20-GR;BADIA;95;SPSA-VIVANDA-MONTERRICO;VIVANDA;34;8;VIVANDA MONTERRICO
SPSA.xlsx;20009795;BADIA-PIMIENTA-ROJA-PICADA-BL-14-20-GR;BADIA;290;SPSA-VIVANDA-ASIA;VIVANDA;3;16;VIVANDA ASIA
SPSA.xlsx;20009795;BADIA-PIMIENTA-ROJA-PICADA-BL-14-20-GR;BADIA;94;SPSA-VIVANDA-BENAVIDES;VIVANDA;44;20;VIVANDA BENAVIDES
SPSA.xlsx;20009795;BADIA-PIMIENTA-ROJA-PICADA-BL-14-20-GR;BADIA;64;SPSA-PVEA-MIRAFLORES;PLAZA VEA;30;2;PLAZA VEA MIRAFLORES
SPSA.xlsx;20009795;BADIA-PIMIENTA-ROJA-PICADA-BL-14-20-GR;BADIA;90;SPSA-VIVANDA-PEZET;VIVANDA;14;12;VIVANDA PEZET
SPSA.xlsx;20009795;BADIA-PIMIENTA-ROJA-PICADA-BL-14-20-GR;BADIA;227;SPSA-PVEA-SAN-ISIDRO;PLAZA VEA;14;21;PLAZA VEA SAN ISIDRO
SPSA.xlsx;20009795;BADIA-PIMIENTA-ROJA-PICADA-BL-14-20-GR;BADIA;93;SPSA-VIVANDA-DOS-DE-MAYO;VIVANDA;21;12;VIVANDA DOS DE MAYO
SPSA.xlsx;20009795;BADIA-PIMIENTA-ROJA-PICADA-BL-14-20-GR;BADIA;81;SPSA-PVEA-LA-MOLINA;PLAZA VEA;30;15;PLAZA VEA LA MOLINA
SPSA.xlsx;20010538;BADIA-JENGIBRE-EN-POLVO-UN-42-50-GR;BADIA;3;PVO-PLAZA-VEA-HUANUCO;PLAZA VEA;14;18;PLAZA VEA HUANUCO
SPSA.xlsx;20010538;BADIA-JENGIBRE-EN-POLVO-UN-42-50-GR;BADIA;120;SPSA-PVEA-UNIVERSITARIA;PLAZA VEA;5;11;PLAZA VEA UNIVERSITARIA
SPSA.xlsx;20010538;BADIA-JENGIBRE-EN-POLVO-UN-42-50-GR;BADIA;146;SPSA-PVEA-TACNA;PLAZA VEA;13;7;PLAZA VEA TACNA
SPSA.xlsx;20010538;BADIA-JENGIBRE-EN-POLVO-UN-42-50-GR;BADIA;123;SPSA-PVEA-EL-CHACARERO;PLAZA VEA;12;11;PLAZA VEA EL CHACARERO
SPSA.xlsx;20010538;BADIA-JENGIBRE-EN-POLVO-UN-42-50-GR;BADIA;93;SPSA-VIVANDA-DOS-DE-MAYO;VIVANDA;1;9;VIVANDA DOS DE MAYO
SPSA.xlsx;20010538;BADIA-JENGIBRE-EN-POLVO-UN-42-50-GR;BADIA;1593;SPSA-PLAZA-VEA-AVENTURA-SJL;PLAZA VEA;16;10;PLAZA VEA AVENTURA SJL
SPSA.xlsx;20010538;BADIA-JENGIBRE-EN-POLVO-UN-42-50-GR;BADIA;227;SPSA-PVEA-SAN-ISIDRO;PLAZA VEA;21;17;PLAZA VEA SAN ISIDRO
SPSA.xlsx;20010538;BADIA-JENGIBRE-EN-POLVO-UN-42-50-GR;BADIA;117;SPSA-PVEA-IZAGUIRRE;PLAZA VEA;5;7;PLAZA VEA IZAGUIRRE
SPSA.xlsx;20010538;BADIA-JENGIBRE-EN-POLVO-UN-42-50-GR;BADIA;66;SPSA-PVEA-ATE;PLAZA VEA;11;12;PLAZA VEA ATE
SPSA.xlsx;20010538;BADIA-JENGIBRE-EN-POLVO-UN-42-50-GR;BADIA;119;SPSA-PVEA-PUENTE-PIEDRA;PLAZA VEA;11;10;PLAZA VEA PUENTE PIEDRA
SPSA.xlsx;20010538;BADIA-JENGIBRE-EN-POLVO-UN-42-50-GR;BADIA;48;SPSA-PVEA-HIGUERETA;PLAZA VEA;20;17;PLAZA VEA HIGUERETA
SPSA.xlsx;20010538;BADIA-JENGIBRE-EN-POLVO-UN-42-50-GR;BADIA;223;SPSA-PVEA-CUSCO-ARSOBIZPO;PLAZA VEA;15;21;PLAZA VEA CUSCO ARSOBIZPO
SPSA.xlsx;20010538;BADIA-JENGIBRE-EN-POLVO-UN-42-50-GR;BADIA;5;PVO-PLAZA-VEA-TARAPOTO;PLAZA VEA;17;20;PLAZA VEA TARAPOTO
SPSA.xlsx;20010538;BADIA-JENGIBRE-EN-POLVO-UN-42-50-GR;BADIA;80;SPSA-PVEA-LA-BOLICHERA;PLAZA VEA;17;10;PLAZA VEA LA BOLICHERA
SPSA.xlsx;20010538;BADIA-JENGIBRE-EN-POLVO-UN-42-50-GR;BADIA;333;SPSA-PVEA-PLACITA;PLAZA VEA;11;12;PLAZA VEA PLACITA
SPSA.xlsx;20010538;BADIA-JENGIBRE-EN-POLVO-UN-42-50-GR;BADIA;114;SPSA-PVEA-PRO;PLAZA VEA;8;7;PLAZA VEA PRO
SPSA.xlsx;20010538;BADIA-JENGIBRE-EN-POLVO-UN-42-50-GR;BADIA;109;SPSA-PVEA-DASSO;PLAZA VEA;20;0;PLAZA VEA DASSO
SPSA.xlsx;20010538;BADIA-JENGIBRE-EN-POLVO-UN-42-50-GR;BADIA;95;SPSA-VIVANDA-MONTERRICO;VIVANDA;24;12;VIVANDA MONTERRICO
SPSA.xlsx;20010538;BADIA-JENGIBRE-EN-POLVO-UN-42-50-GR;BADIA;259;PVEA-MOQUEGUA;PLAZA VEA;11;15;PLAZA VEA MOQUEGUA
SPSA.xlsx;20010538;BADIA-JENGIBRE-EN-POLVO-UN-42-50-GR;BADIA;723;SPSA-PVEA-PURUCHUCO;PLAZA VEA;14;18;PLAZA VEA PURUCHUCO
SPSA.xlsx;20010538;BADIA-JENGIBRE-EN-POLVO-UN-42-50-GR;BADIA;231;SPSA-PVEA-VENTANILLA;PLAZA VEA;12;7;PLAZA VEA VENTANILLA
SPSA.xlsx;20010538;BADIA-JENGIBRE-EN-POLVO-UN-42-50-GR;BADIA;126;SPSA-PVEA-SANTA-CLARA;PLAZA VEA;20;11;PLAZA VEA SANTA CLARA
SPSA.xlsx;20010538;BADIA-JENGIBRE-EN-POLVO-UN-42-50-GR;BADIA;102;SPSA-PVEA-CHICLAYO;PLAZA VEA;13;15;PLAZA VEA CHICLAYO
SPSA.xlsx;20010538;BADIA-JENGIBRE-EN-POLVO-UN-42-50-GR;BADIA;147;SPSA-PVEA-JULIACA;PLAZA VEA;9;10;PLAZA VEA JULIACA
SPSA.xlsx;20010538;BADIA-JENGIBRE-EN-POLVO-UN-42-50-GR;BADIA;59;SPSA-PVEA-CALLAO;PLAZA VEA;8;5;PLAZA VEA CALLAO
SPSA.xlsx;20010538;BADIA-JENGIBRE-EN-POLVO-UN-42-50-GR;BADIA;769;SPSA-PVEA-CHICLAYO-MALL;PLAZA VEA;6;16;PLAZA VEA CHICLAYO MALL
SPSA.xlsx;20010538;BADIA-JENGIBRE-EN-POLVO-UN-42-50-GR;BADIA;229;SPSA-PVEA-SALAVERRY;PLAZA VEA;37;6;PLAZA VEA SALAVERRY
SPSA.xlsx;20010538;BADIA-JENGIBRE-EN-POLVO-UN-42-50-GR;BADIA;262;PVEA-TALARA-MALL;PLAZA VEA;10;12;PLAZA VEA TALARA MALL
SPSA.xlsx;20010538;BADIA-JENGIBRE-EN-POLVO-UN-42-50-GR;BADIA;122;SPSA-PVEA-ICA;PLAZA VEA;26;13;PLAZA VEA ICA
SPSA.xlsx;20010538;BADIA-JENGIBRE-EN-POLVO-UN-42-50-GR;BADIA;10;SPSA-PVEA-CAMINOS-DEL-INCA;PLAZA VEA;41;16;PLAZA VEA CAMINOS DEL INCA
SPSA.xlsx;20010538;BADIA-JENGIBRE-EN-POLVO-UN-42-50-GR;BADIA;125;SPSA-PVEA-SJ-LURIGANCHO;PLAZA VEA;6;11;PLAZA VEA SJ LURIGANCHO
SPSA.xlsx;20010538;BADIA-JENGIBRE-EN-POLVO-UN-42-50-GR;BADIA;224;SPSA-PVEA-BRENA;PLAZA VEA;18;12;PLAZA VEA BRENA
SPSA.xlsx;20010538;BADIA-JENGIBRE-EN-POLVO-UN-42-50-GR;BADIA;64;SPSA-PVEA-MIRAFLORES;PLAZA VEA;35;9;PLAZA VEA MIRAFLORES
SPSA.xlsx;20010538;BADIA-JENGIBRE-EN-POLVO-UN-42-50-GR;BADIA;68;SPSA-PVEA-PRIMAVERA;PLAZA VEA;10;17;PLAZA VEA PRIMAVERA
SPSA.xlsx;20010538;BADIA-JENGIBRE-EN-POLVO-UN-42-50-GR;BADIA;291;SPSA-PVEA-LA-CURVA;PLAZA VEA;19;12;PLAZA VEA LA CURVA
SPSA.xlsx;20010538;BADIA-JENGIBRE-EN-POLVO-UN-42-50-GR;BADIA;4;PVO-PLAZA-VEA-JAEN;PLAZA VEA;16;12;PLAZA VEA JAEN
SPSA.xlsx;20010538;BADIA-JENGIBRE-EN-POLVO-UN-42-50-GR;BADIA;2;PVO-PLAZA-VEA-PUCALLPA;PLAZA VEA;26;9;PLAZA VEA PUCALLPA
SPSA.xlsx;20010538;BADIA-JENGIBRE-EN-POLVO-UN-42-50-GR;BADIA;145;SPSA-PVEA-PIURA;PLAZA VEA;27;22;PLAZA VEA PIURA
SPSA.xlsx;20010538;BADIA-JENGIBRE-EN-POLVO-UN-42-50-GR;BADIA;465;SPSA-PVEA-SUCRE;PLAZA VEA;26;13;PLAZA VEA SUCRE
SPSA.xlsx;20010538;BADIA-JENGIBRE-EN-POLVO-UN-42-50-GR;BADIA;90;SPSA-VIVANDA-PEZET;VIVANDA;18;8;VIVANDA PEZET
SPSA.xlsx;20010538;BADIA-JENGIBRE-EN-POLVO-UN-42-50-GR;BADIA;202;SPSA-PVEA-LURIN;PLAZA VEA;13;18;PLAZA VEA LURIN
SPSA.xlsx;20010538;BADIA-JENGIBRE-EN-POLVO-UN-42-50-GR;BADIA;84;SPSA-PVEA-COMAS;PLAZA VEA;3;11;PLAZA VEA COMAS
SPSA.xlsx;20010538;BADIA-JENGIBRE-EN-POLVO-UN-42-50-GR;BADIA;2637;SPSA-PLAZA-VEA-TARAPOTO-2;PLAZA VEA;25;22;PLAZA VEA TARAPOTO 2
SPSA.xlsx;20010538;BADIA-JENGIBRE-EN-POLVO-UN-42-50-GR;BADIA;106;SPSA-PVEA-VALLE-HERMOSO;PLAZA VEA;23;10;PLAZA VEA VALLE HERMOSO
SPSA.xlsx;20010538;BADIA-JENGIBRE-EN-POLVO-UN-42-50-GR;BADIA;94;SPSA-VIVANDA-BENAVIDES;VIVANDA;11;8;VIVANDA BENAVIDES
SPSA.xlsx;20010538;BADIA-JENGIBRE-EN-POLVO-UN-42-50-GR;BADIA;37;SPSA-PVEA-JOCKEY;PLAZA VEA;15;15;PLAZA VEA JOCKEY
SPSA.xlsx;20010538;BADIA-JENGIBRE-EN-POLVO-UN-42-50-GR;BADIA;61;SPSA-PVEA-CORTIJO;PLAZA VEA;30;11;PLAZA VEA CORTIJO
SPSA.xlsx;20010538;BADIA-JENGIBRE-EN-POLVO-UN-42-50-GR;BADIA;140;SPSA-VIVANDA-LIBERTADORES;VIVANDA;15;8;VIVANDA LIBERTADORES
SPSA.xlsx;20010538;BADIA-JENGIBRE-EN-POLVO-UN-42-50-GR;BADIA;724;SPSA-PVEA-TUMBES;PLAZA VEA;13;17;PLAZA VEA TUMBES
SPSA.xlsx;20010538;BADIA-JENGIBRE-EN-POLVO-UN-42-50-GR;BADIA;290;SPSA-VIVANDA-ASIA;VIVANDA;4;15;VIVANDA ASIA
SPSA.xlsx;20010538;BADIA-JENGIBRE-EN-POLVO-UN-42-50-GR;BADIA;81;SPSA-PVEA-LA-MOLINA;PLAZA VEA;20;16;PLAZA VEA LA MOLINA
SPSA.xlsx;20010538;BADIA-JENGIBRE-EN-POLVO-UN-42-50-GR;BADIA;516;SPSA-PVEA-COSTANERA-ILO;PLAZA VEA;8;11;PLAZA VEA COSTANERA ILO
SPSA.xlsx;20010538;BADIA-JENGIBRE-EN-POLVO-UN-42-50-GR;BADIA;195;SPSA-PVEA-SAN-BORJA;PLAZA VEA;6;6;PLAZA VEA SAN BORJA
SPSA.xlsx;20010538;BADIA-JENGIBRE-EN-POLVO-UN-42-50-GR;BADIA;226;SPSA-PVEA-PAITA;PLAZA VEA;5;7;PLAZA VEA PAITA
SPSA.xlsx;20010538;BADIA-JENGIBRE-EN-POLVO-UN-42-50-GR;BADIA;104;SPSA-PVEA-AREQUIPA;PLAZA VEA;6;10;PLAZA VEA AREQUIPA
SPSA.xlsx;20010538;BADIA-JENGIBRE-EN-POLVO-UN-42-50-GR;BADIA;115;SPSA-PVEA-HUANCAYO;PLAZA VEA;0;18;PLAZA VEA HUANCAYO
SPSA.xlsx;20010538;BADIA-JENGIBRE-EN-POLVO-UN-42-50-GR;BADIA;118;SPSA-PVEA-ALFONSO-UGARTE;PLAZA VEA;0;14;PLAZA VEA ALFONSO UGARTE
SPSA.xlsx;20010538;BADIA-JENGIBRE-EN-POLVO-UN-42-50-GR;BADIA;917;SPSA-CD-PUNTA-NEGRA;CD;0;-240;CD PUNTA NEGRA
SPSA.xlsx;20010538;BADIA-JENGIBRE-EN-POLVO-UN-42-50-GR;BADIA;225;SPSA-PVEA-CAJAMARCA;PLAZA VEA;0;21;PLAZA VEA CAJAMARCA
SPSA.xlsx;20150072;LOBOS-SAL-FINA-DEMESA-PET-FR500GR;LOBOS;89;SPSA-PVEA-RISSO;PLAZA VEA;19;12;PLAZA VEA RISSO
SPSA.xlsx;20150072;LOBOS-SAL-FINA-DEMESA-PET-FR500GR;LOBOS;134;SPSA-PVEA-CENTRO-CIVICO;PLAZA VEA;12;12;PLAZA VEA CENTRO CIVICO
SPSA.xlsx;20150072;LOBOS-SAL-FINA-DEMESA-PET-FR500GR;LOBOS;135;SPSA-PVEA-COLONIAL;PLAZA VEA;11;12;PLAZA VEA COLONIAL
SPSA.xlsx;20150072;LOBOS-SAL-FINA-DEMESA-PET-FR500GR;LOBOS;1198;SPSA-PVEA-CUSCO-WANCHAQ;PLAZA VEA;4;17;PLAZA VEA CUSCO WANCHAQ
SPSA.xlsx;20150072;LOBOS-SAL-FINA-DEMESA-PET-FR500GR;LOBOS;357;MAKRO-INDEPENDENCIA;MAKRO;2;0;MAKRO INDEPENDENCIA
SPSA.xlsx;20150072;LOBOS-SAL-FINA-DEMESA-PET-FR500GR;LOBOS;225;SPSA-PVEA-CAJAMARCA;PLAZA VEA;10;15;PLAZA VEA CAJAMARCA
SPSA.xlsx;20150072;LOBOS-SAL-FINA-DEMESA-PET-FR500GR;LOBOS;224;SPSA-PVEA-BRENA;PLAZA VEA;3;8;PLAZA VEA BRENA
SPSA.xlsx;20150072;LOBOS-SAL-FINA-DEMESA-PET-FR500GR;LOBOS;95;SPSA-VIVANDA-MONTERRICO;VIVANDA;7;13;VIVANDA MONTERRICO
SPSA.xlsx;20150072;LOBOS-SAL-FINA-DEMESA-PET-FR500GR;LOBOS;259;PVEA-MOQUEGUA;PLAZA VEA;18;22;PLAZA VEA MOQUEGUA
SPSA.xlsx;20150072;LOBOS-SAL-FINA-DEMESA-PET-FR500GR;LOBOS;104;SPSA-PVEA-AREQUIPA;PLAZA VEA;8;17;PLAZA VEA AREQUIPA
SPSA.xlsx;20150072;LOBOS-SAL-FINA-DEMESA-PET-FR500GR;LOBOS;59;SPSA-PVEA-CALLAO;PLAZA VEA;3;17;PLAZA VEA CALLAO
SPSA.xlsx;20150072;LOBOS-SAL-FINA-DEMESA-PET-FR500GR;LOBOS;117;SPSA-PVEA-IZAGUIRRE;PLAZA VEA;11;8;PLAZA VEA IZAGUIRRE
SPSA.xlsx;20150072;LOBOS-SAL-FINA-DEMESA-PET-FR500GR;LOBOS;221;SPSA-PVEA-BARRANCA;PLAZA VEA;9;8;PLAZA VEA BARRANCA
SPSA.xlsx;20150072;LOBOS-SAL-FINA-DEMESA-PET-FR500GR;LOBOS;139;SPSA-PVEA-ALAMEDA-SUR;PLAZA VEA;13;9;PLAZA VEA ALAMEDA SUR
SPSA.xlsx;20150072;LOBOS-SAL-FINA-DEMESA-PET-FR500GR;LOBOS;238;SPSA-PVEA-GRIFO-MEXICO;PLAZA VEA;1;7;PLAZA VEA GRIFO MEXICO
SPSA.xlsx;20150072;LOBOS-SAL-FINA-DEMESA-PET-FR500GR;LOBOS;143;SPSA-PVEA-NUEVO-CHIMBOTE;PLAZA VEA;25;15;PLAZA VEA NUEVO CHIMBOTE
SPSA.xlsx;20150072;LOBOS-SAL-FINA-DEMESA-PET-FR500GR;LOBOS;3;PVO-PLAZA-VEA-HUANUCO;PLAZA VEA;24;26;PLAZA VEA HUANUCO
SPSA.xlsx;20150072;LOBOS-SAL-FINA-DEMESA-PET-FR500GR;LOBOS;118;SPSA-PVEA-ALFONSO-UGARTE;PLAZA VEA;2;7;PLAZA VEA ALFONSO UGARTE
SPSA.xlsx;20150072;LOBOS-SAL-FINA-DEMESA-PET-FR500GR;LOBOS;130;SPSA-PVEA-CHIMBOTE;PLAZA VEA;29;15;PLAZA VEA CHIMBOTE
SPSA.xlsx;20150072;LOBOS-SAL-FINA-DEMESA-PET-FR500GR;LOBOS;37;SPSA-PVEA-JOCKEY;PLAZA VEA;7;13;PLAZA VEA JOCKEY
SPSA.xlsx;20150072;LOBOS-SAL-FINA-DEMESA-PET-FR500GR;LOBOS;109;SPSA-PVEA-DASSO;PLAZA VEA;8;5;PLAZA VEA DASSO
SPSA.xlsx;20150072;LOBOS-SAL-FINA-DEMESA-PET-FR500GR;LOBOS;358;MAKRO-CALLAO;MAKRO;16;0;MAKRO CALLAO
SPSA.xlsx;20150072;LOBOS-SAL-FINA-DEMESA-PET-FR500GR;LOBOS;10;SPSA-PVEA-CAMINOS-DEL-INCA;PLAZA VEA;22;14;PLAZA VEA CAMINOS DEL INCA
SPSA.xlsx;20150072;LOBOS-SAL-FINA-DEMESA-PET-FR500GR;LOBOS;516;SPSA-PVEA-COSTANERA-ILO;PLAZA VEA;26;23;PLAZA VEA COSTANERA ILO
SPSA.xlsx;20150072;LOBOS-SAL-FINA-DEMESA-PET-FR500GR;LOBOS;2638;SPSA-PLAZA-VEA-SJB-AYACUCHO;PLAZA VEA;28;32;PLAZA VEA SJB AYACUCHO
SPSA.xlsx;20150072;LOBOS-SAL-FINA-DEMESA-PET-FR500GR;LOBOS;123;SPSA-PVEA-EL-CHACARERO;PLAZA VEA;17;5;PLAZA VEA EL CHACARERO
SPSA.xlsx;20150072;LOBOS-SAL-FINA-DEMESA-PET-FR500GR;LOBOS;261;SPSA-PVEA-EL-AGUSTINO;PLAZA VEA;7;8;PLAZA VEA EL AGUSTINO
SPSA.xlsx;20150072;LOBOS-SAL-FINA-DEMESA-PET-FR500GR;LOBOS;5;PVO-PLAZA-VEA-TARAPOTO;PLAZA VEA;13;12;PLAZA VEA TARAPOTO
SPSA.xlsx;20150072;LOBOS-SAL-FINA-DEMESA-PET-FR500GR;LOBOS;192;SPSA-PVEA-SULLANA;PLAZA VEA;5;26;PLAZA VEA SULLANA
SPSA.xlsx;20150072;LOBOS-SAL-FINA-DEMESA-PET-FR500GR;LOBOS;105;SPSA-PVEA-SALAMANCA;PLAZA VEA;10;11;PLAZA VEA SALAMANCA
SPSA.xlsx;20150072;LOBOS-SAL-FINA-DEMESA-PET-FR500GR;LOBOS;133;SPSA-PVEA-GUARDIA-CIVIL;PLAZA VEA;15;8;PLAZA VEA GUARDIA CIVIL
SPSA.xlsx;20150072;LOBOS-SAL-FINA-DEMESA-PET-FR500GR;LOBOS;1033;MAKRO-VENEZUELA;MAKRO;8;1;MAKRO VENEZUELA
SPSA.xlsx;20150072;LOBOS-SAL-FINA-DEMESA-PET-FR500GR;LOBOS;223;SPSA-PVEA-CUSCO-ARSOBIZPO;PLAZA VEA;9;22;PLAZA VEA CUSCO ARSOBIZPO
SPSA.xlsx;20150072;LOBOS-SAL-FINA-DEMESA-PET-FR500GR;LOBOS;145;SPSA-PVEA-PIURA;PLAZA VEA;16;13;PLAZA VEA PIURA
SPSA.xlsx;20150072;LOBOS-SAL-FINA-DEMESA-PET-FR500GR;LOBOS;769;SPSA-PVEA-CHICLAYO-MALL;PLAZA VEA;4;19;PLAZA VEA CHICLAYO MALL
SPSA.xlsx;20150072;LOBOS-SAL-FINA-DEMESA-PET-FR500GR;LOBOS;90;SPSA-VIVANDA-PEZET;VIVANDA;3;5;VIVANDA PEZET
SPSA.xlsx;20150072;LOBOS-SAL-FINA-DEMESA-PET-FR500GR;LOBOS;2637;SPSA-PLAZA-VEA-TARAPOTO-2;PLAZA VEA;12;30;PLAZA VEA TARAPOTO 2
SPSA.xlsx;20150072;LOBOS-SAL-FINA-DEMESA-PET-FR500GR;LOBOS;203;SPSA-PVEA-RIMAC-ALCAZAR;PLAZA VEA;12;12;PLAZA VEA RIMAC ALCAZAR
SPSA.xlsx;20150072;LOBOS-SAL-FINA-DEMESA-PET-FR500GR;LOBOS;66;SPSA-PVEA-ATE;PLAZA VEA;9;9;PLAZA VEA ATE
SPSA.xlsx;20150072;LOBOS-SAL-FINA-DEMESA-PET-FR500GR;LOBOS;146;SPSA-PVEA-TACNA;PLAZA VEA;40;13;PLAZA VEA TACNA
SPSA.xlsx;20150072;LOBOS-SAL-FINA-DEMESA-PET-FR500GR;LOBOS;126;SPSA-PVEA-SANTA-CLARA;PLAZA VEA;26;6;PLAZA VEA SANTA CLARA
SPSA.xlsx;20150072;LOBOS-SAL-FINA-DEMESA-PET-FR500GR;LOBOS;93;SPSA-VIVANDA-DOS-DE-MAYO;VIVANDA;3;11;VIVANDA DOS DE MAYO
SPSA.xlsx;20150072;LOBOS-SAL-FINA-DEMESA-PET-FR500GR;LOBOS;1;SPSA-PVEA-LOS-OLIVOS;PLAZA VEA;16;8;PLAZA VEA LOS OLIVOS
SPSA.xlsx;20150072;LOBOS-SAL-FINA-DEMESA-PET-FR500GR;LOBOS;195;SPSA-PVEA-SAN-BORJA;PLAZA VEA;9;9;PLAZA VEA SAN BORJA
SPSA.xlsx;20150072;LOBOS-SAL-FINA-DEMESA-PET-FR500GR;LOBOS;333;SPSA-PVEA-PLACITA;PLAZA VEA;7;12;PLAZA VEA PLACITA
SPSA.xlsx;20150072;LOBOS-SAL-FINA-DEMESA-PET-FR500GR;LOBOS;140;SPSA-VIVANDA-LIBERTADORES;VIVANDA;4;10;VIVANDA LIBERTADORES
SPSA.xlsx;20150072;LOBOS-SAL-FINA-DEMESA-PET-FR500GR;LOBOS;102;SPSA-PVEA-CHICLAYO;PLAZA VEA;9;10;PLAZA VEA CHICLAYO
SPSA.xlsx;20150072;LOBOS-SAL-FINA-DEMESA-PET-FR500GR;LOBOS;1199;SPSA-PVEA-SAN-MIGUEL;PLAZA VEA;7;10;PLAZA VEA SAN MIGUEL
SPSA.xlsx;20150072;LOBOS-SAL-FINA-DEMESA-PET-FR500GR;LOBOS;290;SPSA-VIVANDA-ASIA;VIVANDA;3;16;VIVANDA ASIA
SPSA.xlsx;20150072;LOBOS-SAL-FINA-DEMESA-PET-FR500GR;LOBOS;159;SPSA-PVEA-ACHO;PLAZA VEA;1;10;PLAZA VEA ACHO
SPSA.xlsx;20150072;LOBOS-SAL-FINA-DEMESA-PET-FR500GR;LOBOS;177;SPSA-PVEA-TALARA;PLAZA VEA;6;19;PLAZA VEA TALARA
SPSA.xlsx;20150072;LOBOS-SAL-FINA-DEMESA-PET-FR500GR;LOBOS;894;MAKRO-VILLA-EL-SALVADOR;MAKRO;18;0;MAKRO VILLA EL SALVADOR
SPSA.xlsx;20150072;LOBOS-SAL-FINA-DEMESA-PET-FR500GR;LOBOS;236;SPSA-PVEA-PISCO;PLAZA VEA;14;17;PLAZA VEA PISCO
SPSA.xlsx;20150072;LOBOS-SAL-FINA-DEMESA-PET-FR500GR;LOBOS;201;SPSA-PVEA-HUARAL;PLAZA VEA;3;8;PLAZA VEA HUARAL
SPSA.xlsx;20150072;LOBOS-SAL-FINA-DEMESA-PET-FR500GR;LOBOS;108;SPSA-PVEA-AYACUCHO;PLAZA VEA;8;7;PLAZA VEA AYACUCHO
SPSA.xlsx;20150072;LOBOS-SAL-FINA-DEMESA-PET-FR500GR;LOBOS;4;PVO-PLAZA-VEA-JAEN;PLAZA VEA;13;22;PLAZA VEA JAEN
SPSA.xlsx;20150072;LOBOS-SAL-FINA-DEMESA-PET-FR500GR;LOBOS;52;SPSA-PVEA-BRASIL;PLAZA VEA;5;14;PLAZA VEA BRASIL
SPSA.xlsx;20150072;LOBOS-SAL-FINA-DEMESA-PET-FR500GR;LOBOS;723;SPSA-PVEA-PURUCHUCO;PLAZA VEA;22;11;PLAZA VEA PURUCHUCO
SPSA.xlsx;20150072;LOBOS-SAL-FINA-DEMESA-PET-FR500GR;LOBOS;291;SPSA-PVEA-LA-CURVA;PLAZA VEA;6;12;PLAZA VEA LA CURVA
SPSA.xlsx;20150072;LOBOS-SAL-FINA-DEMESA-PET-FR500GR;LOBOS;48;SPSA-PVEA-HIGUERETA;PLAZA VEA;16;10;PLAZA VEA HIGUERETA
SPSA.xlsx;20150072;LOBOS-SAL-FINA-DEMESA-PET-FR500GR;LOBOS;125;SPSA-PVEA-SJ-LURIGANCHO;PLAZA VEA;4;13;PLAZA VEA SJ LURIGANCHO
SPSA.xlsx;20150072;LOBOS-SAL-FINA-DEMESA-PET-FR500GR;LOBOS;229;SPSA-PVEA-SALAVERRY;PLAZA VEA;11;11;PLAZA VEA SALAVERRY
SPSA.xlsx;20150072;LOBOS-SAL-FINA-DEMESA-PET-FR500GR;LOBOS;156;SPSA-PVEA-EL-TAMBO;PLAZA VEA;5;12;PLAZA VEA EL TAMBO
SPSA.xlsx;20150072;LOBOS-SAL-FINA-DEMESA-PET-FR500GR;LOBOS;172;SPSA-PVEA-PUNO;PLAZA VEA;27;13;PLAZA VEA PUNO
SPSA.xlsx;20150072;LOBOS-SAL-FINA-DEMESA-PET-FR500GR;LOBOS;465;SPSA-PVEA-SUCRE;PLAZA VEA;11;10;PLAZA VEA SUCRE
SPSA.xlsx;20150072;LOBOS-SAL-FINA-DEMESA-PET-FR500GR;LOBOS;84;SPSA-PVEA-COMAS;PLAZA VEA;9;13;PLAZA VEA COMAS
SPSA.xlsx;20150072;LOBOS-SAL-FINA-DEMESA-PET-FR500GR;LOBOS;144;SPSA-PVEA-HUACHO;PLAZA VEA;7;11;PLAZA VEA HUACHO
SPSA.xlsx;20150072;LOBOS-SAL-FINA-DEMESA-PET-FR500GR;LOBOS;115;SPSA-PVEA-HUANCAYO;PLAZA VEA;25;10;PLAZA VEA HUANCAYO
SPSA.xlsx;20150072;LOBOS-SAL-FINA-DEMESA-PET-FR500GR;LOBOS;724;SPSA-PVEA-TUMBES;PLAZA VEA;1;15;PLAZA VEA TUMBES
SPSA.xlsx;20150072;LOBOS-SAL-FINA-DEMESA-PET-FR500GR;LOBOS;80;SPSA-PVEA-LA-BOLICHERA;PLAZA VEA;4;9;PLAZA VEA LA BOLICHERA
SPSA.xlsx;20150072;LOBOS-SAL-FINA-DEMESA-PET-FR500GR;LOBOS;158;SPSA-PVEA-VILLA-EL-SALVADOR;PLAZA VEA;2;11;PLAZA VEA VILLA EL SALVADOR
SPSA.xlsx;20150072;LOBOS-SAL-FINA-DEMESA-PET-FR500GR;LOBOS;231;SPSA-PVEA-VENTANILLA;PLAZA VEA;13;15;PLAZA VEA VENTANILLA
SPSA.xlsx;20150072;LOBOS-SAL-FINA-DEMESA-PET-FR500GR;LOBOS;107;SPSA-PVEA-MERCADERES;PLAZA VEA;13;13;PLAZA VEA MERCADERES
SPSA.xlsx;20150072;LOBOS-SAL-FINA-DEMESA-PET-FR500GR;LOBOS;132;SPSA-PVEA-EL-EJERCITO;PLAZA VEA;8;23;PLAZA VEA EL EJERCITO
SPSA.xlsx;20150072;LOBOS-SAL-FINA-DEMESA-PET-FR500GR;LOBOS;142;SPSA-PVEA-CHINCHA;PLAZA VEA;7;9;PLAZA VEA CHINCHA
SPSA.xlsx;20150072;LOBOS-SAL-FINA-DEMESA-PET-FR500GR;LOBOS;227;SPSA-PVEA-SAN-ISIDRO;PLAZA VEA;15;9;PLAZA VEA SAN ISIDRO
SPSA.xlsx;20150072;LOBOS-SAL-FINA-DEMESA-PET-FR500GR;LOBOS;119;SPSA-PVEA-PUENTE-PIEDRA;PLAZA VEA;13;11;PLAZA VEA PUENTE PIEDRA
SPSA.xlsx;20150072;LOBOS-SAL-FINA-DEMESA-PET-FR500GR;LOBOS;68;SPSA-PVEA-PRIMAVERA;PLAZA VEA;10;5;PLAZA VEA PRIMAVERA
SPSA.xlsx;20150072;LOBOS-SAL-FINA-DEMESA-PET-FR500GR;LOBOS;120;SPSA-PVEA-UNIVERSITARIA;PLAZA VEA;12;14;PLAZA VEA UNIVERSITARIA
SPSA.xlsx;20150072;LOBOS-SAL-FINA-DEMESA-PET-FR500GR;LOBOS;96;SPSA-PVEA-SAN-JORGE;PLAZA VEA;10;5;PLAZA VEA SAN JORGE
SPSA.xlsx;20150072;LOBOS-SAL-FINA-DEMESA-PET-FR500GR;LOBOS;202;SPSA-PVEA-LURIN;PLAZA VEA;11;10;PLAZA VEA LURIN
SPSA.xlsx;20150072;LOBOS-SAL-FINA-DEMESA-PET-FR500GR;LOBOS;64;SPSA-PVEA-MIRAFLORES;PLAZA VEA;20;8;PLAZA VEA MIRAFLORES
SPSA.xlsx;20150072;LOBOS-SAL-FINA-DEMESA-PET-FR500GR;LOBOS;147;SPSA-PVEA-JULIACA;PLAZA VEA;18;12;PLAZA VEA JULIACA
SPSA.xlsx;20150072;LOBOS-SAL-FINA-DEMESA-PET-FR500GR;LOBOS;114;SPSA-PVEA-PRO;PLAZA VEA;20;12;PLAZA VEA PRO
SPSA.xlsx;20150072;LOBOS-SAL-FINA-DEMESA-PET-FR500GR;LOBOS;2273;MAKRO-SJM;MAKRO;9;10;MAKRO SAN JUAN DE MIRAFLORES
SPSA.xlsx;20150072;LOBOS-SAL-FINA-DEMESA-PET-FR500GR;LOBOS;61;SPSA-PVEA-CORTIJO;PLAZA VEA;8;13;PLAZA VEA CORTIJO
SPSA.xlsx;20150072;LOBOS-SAL-FINA-DEMESA-PET-FR500GR;LOBOS;1593;SPSA-PLAZA-VEA-AVENTURA-SJL;PLAZA VEA;10;13;PLAZA VEA AVENTURA SJL
SPSA.xlsx;20150072;LOBOS-SAL-FINA-DEMESA-PET-FR500GR;LOBOS;226;SPSA-PVEA-PAITA;PLAZA VEA;8;20;PLAZA VEA PAITA
SPSA.xlsx;20150072;LOBOS-SAL-FINA-DEMESA-PET-FR500GR;LOBOS;94;SPSA-VIVANDA-BENAVIDES;VIVANDA;3;9;VIVANDA BENAVIDES
SPSA.xlsx;20150072;LOBOS-SAL-FINA-DEMESA-PET-FR500GR;LOBOS;1252;MAKRO-SAN-MARTIN-DE-PORRES;MAKRO;8;0;MAKRO SAN MARTIN DE PORRES
SPSA.xlsx;20150072;LOBOS-SAL-FINA-DEMESA-PET-FR500GR;LOBOS;110;SPSA-PVEA-CORPAC;PLAZA VEA;4;8;PLAZA VEA CORPAC
SPSA.xlsx;20150072;LOBOS-SAL-FINA-DEMESA-PET-FR500GR;LOBOS;106;SPSA-PVEA-VALLE-HERMOSO;PLAZA VEA;14;0;PLAZA VEA VALLE HERMOSO
SPSA.xlsx;20150072;LOBOS-SAL-FINA-DEMESA-PET-FR500GR;LOBOS;141;SPSA-PVEA-CHOSICA;PLAZA VEA;19;10;PLAZA VEA CHOSICA
SPSA.xlsx;20150072;LOBOS-SAL-FINA-DEMESA-PET-FR500GR;LOBOS;81;SPSA-PVEA-LA-MOLINA;PLAZA VEA;14;16;PLAZA VEA LA MOLINA
SPSA.xlsx;20150072;LOBOS-SAL-FINA-DEMESA-PET-FR500GR;LOBOS;2;PVO-PLAZA-VEA-PUCALLPA;PLAZA VEA;21;17;PLAZA VEA PUCALLPA
SPSA.xlsx;20150072;LOBOS-SAL-FINA-DEMESA-PET-FR500GR;LOBOS;262;PVEA-TALARA-MALL;PLAZA VEA;6;16;PLAZA VEA TALARA MALL
SPSA.xlsx;20150072;LOBOS-SAL-FINA-DEMESA-PET-FR500GR;LOBOS;112;SPSA-PVEA-CERES;PLAZA VEA;7;11;PLAZA VEA CERES
SPSA.xlsx;20150072;LOBOS-SAL-FINA-DEMESA-PET-FR500GR;LOBOS;122;SPSA-PVEA-ICA;PLAZA VEA;0;16;PLAZA VEA ICA
SPSA.xlsx;20150072;LOBOS-SAL-FINA-DEMESA-PET-FR500GR;LOBOS;917;SPSA-CD-PUNTA-NEGRA;CD;0;-705;CD PUNTA NEGRA
SPSA.xlsx;20150072;LOBOS-SAL-FINA-DEMESA-PET-FR500GR;LOBOS;999;SPSA-ADAPTO-PUNTA-NEGRA;CD;0;296;SPSA ADAPTO PUNTA NEGRA
SPSA.xlsx;20010544;BADIA-CANELA-EN-POLVO-UN-56-70-GR;BADIA;146;SPSA-PVEA-TACNA;PLAZA VEA;30;11;PLAZA VEA TACNA
SPSA.xlsx;20010544;BADIA-CANELA-EN-POLVO-UN-56-70-GR;BADIA;511;SULLANA-MK;MAKRO;14;18;MAKRO SULLANA
SPSA.xlsx;20010544;BADIA-CANELA-EN-POLVO-UN-56-70-GR;BADIA;769;SPSA-PVEA-CHICLAYO-MALL;PLAZA VEA;16;16;PLAZA VEA CHICLAYO MALL
SPSA.xlsx;20010544;BADIA-CANELA-EN-POLVO-UN-56-70-GR;BADIA;140;SPSA-VIVANDA-LIBERTADORES;VIVANDA;31;17;VIVANDA LIBERTADORES
SPSA.xlsx;20010544;BADIA-CANELA-EN-POLVO-UN-56-70-GR;BADIA;37;SPSA-PVEA-JOCKEY;PLAZA VEA;17;17;PLAZA VEA JOCKEY
SPSA.xlsx;20010544;BADIA-CANELA-EN-POLVO-UN-56-70-GR;BADIA;66;SPSA-PVEA-ATE;PLAZA VEA;7;13;PLAZA VEA ATE
SPSA.xlsx;20010544;BADIA-CANELA-EN-POLVO-UN-56-70-GR;BADIA;259;PVEA-MOQUEGUA;PLAZA VEA;12;19;PLAZA VEA MOQUEGUA
SPSA.xlsx;20010544;BADIA-CANELA-EN-POLVO-UN-56-70-GR;BADIA;5;PVO-PLAZA-VEA-TARAPOTO;PLAZA VEA;7;22;PLAZA VEA TARAPOTO
SPSA.xlsx;20010544;BADIA-CANELA-EN-POLVO-UN-56-70-GR;BADIA;895;MAKRO-HUANCAYO;MAKRO;10;31;MAKRO HUANCAYO
SPSA.xlsx;20010544;BADIA-CANELA-EN-POLVO-UN-56-70-GR;BADIA;104;SPSA-PVEA-AREQUIPA;PLAZA VEA;10;21;PLAZA VEA AREQUIPA
SPSA.xlsx;20010544;BADIA-CANELA-EN-POLVO-UN-56-70-GR;BADIA;224;SPSA-PVEA-BRENA;PLAZA VEA;20;24;PLAZA VEA BRENA
SPSA.xlsx;20010544;BADIA-CANELA-EN-POLVO-UN-56-70-GR;BADIA;10;SPSA-PVEA-CAMINOS-DEL-INCA;PLAZA VEA;157;16;PLAZA VEA CAMINOS DEL INCA
SPSA.xlsx;20010544;BADIA-CANELA-EN-POLVO-UN-56-70-GR;BADIA;897;MAKRO-ICA;MAKRO;22;12;MAKRO ICA
SPSA.xlsx;20010544;BADIA-CANELA-EN-POLVO-UN-56-70-GR;BADIA;227;SPSA-PVEA-SAN-ISIDRO;PLAZA VEA;35;21;PLAZA VEA SAN ISIDRO
SPSA.xlsx;20010544;BADIA-CANELA-EN-POLVO-UN-56-70-GR;BADIA;120;SPSA-PVEA-UNIVERSITARIA;PLAZA VEA;4;9;PLAZA VEA UNIVERSITARIA
SPSA.xlsx;20010544;BADIA-CANELA-EN-POLVO-UN-56-70-GR;BADIA;1;SPSA-PVEA-LOS-OLIVOS;PLAZA VEA;26;14;PLAZA VEA LOS OLIVOS
SPSA.xlsx;20010544;BADIA-CANELA-EN-POLVO-UN-56-70-GR;BADIA;81;SPSA-PVEA-LA-MOLINA;PLAZA VEA;44;20;PLAZA VEA LA MOLINA
SPSA.xlsx;20010544;BADIA-CANELA-EN-POLVO-UN-56-70-GR;BADIA;80;SPSA-PVEA-LA-BOLICHERA;PLAZA VEA;16;17;PLAZA VEA LA BOLICHERA
SPSA.xlsx;20010544;BADIA-CANELA-EN-POLVO-UN-56-70-GR;BADIA;710;MAKRO-SAN-JUAN-DE-LURIGANCHO;MAKRO;29;19;MAKRO SAN JUAN DE LURIGANCHO
SPSA.xlsx;20010544;BADIA-CANELA-EN-POLVO-UN-56-70-GR;BADIA;135;SPSA-PVEA-COLONIAL;PLAZA VEA;13;18;PLAZA VEA COLONIAL
SPSA.xlsx;20010544;BADIA-CANELA-EN-POLVO-UN-56-70-GR;BADIA;143;SPSA-PVEA-NUEVO-CHIMBOTE;PLAZA VEA;15;19;PLAZA VEA NUEVO CHIMBOTE
SPSA.xlsx;20010544;BADIA-CANELA-EN-POLVO-UN-56-70-GR;BADIA;192;SPSA-PVEA-SULLANA;PLAZA VEA;7;17;PLAZA VEA SULLANA
SPSA.xlsx;20010544;BADIA-CANELA-EN-POLVO-UN-56-70-GR;BADIA;1058;MAKRO-HUAYLAS;MAKRO;29;18;MAKRO HUAYLAS
SPSA.xlsx;20010544;BADIA-CANELA-EN-POLVO-UN-56-70-GR;BADIA;449;CUSCO-MK;MAKRO;49;23;MAKRO CUSCO
SPSA.xlsx;20010544;BADIA-CANELA-EN-POLVO-UN-56-70-GR;BADIA;134;SPSA-PVEA-CENTRO-CIVICO;PLAZA VEA;13;14;PLAZA VEA CENTRO CIVICO
SPSA.xlsx;20010544;BADIA-CANELA-EN-POLVO-UN-56-70-GR;BADIA;358;MAKRO-CALLAO;MAKRO;68;14;MAKRO CALLAO
SPSA.xlsx;20010544;BADIA-CANELA-EN-POLVO-UN-56-70-GR;BADIA;229;SPSA-PVEA-SALAVERRY;PLAZA VEA;73;42;PLAZA VEA SALAVERRY
SPSA.xlsx;20010544;BADIA-CANELA-EN-POLVO-UN-56-70-GR;BADIA;133;SPSA-PVEA-GUARDIA-CIVIL;PLAZA VEA;21;20;PLAZA VEA GUARDIA CIVIL
SPSA.xlsx;20010544;BADIA-CANELA-EN-POLVO-UN-56-70-GR;BADIA;516;SPSA-PVEA-COSTANERA-ILO;PLAZA VEA;15;25;PLAZA VEA COSTANERA ILO
SPSA.xlsx;20010544;BADIA-CANELA-EN-POLVO-UN-56-70-GR;BADIA;357;MAKRO-INDEPENDENCIA;MAKRO;38;19;MAKRO INDEPENDENCIA
SPSA.xlsx;20010544;BADIA-CANELA-EN-POLVO-UN-56-70-GR;BADIA;509;PIURA-2-MK;MAKRO;22;23;MAKRO PIURA 2
SPSA.xlsx;20010544;BADIA-CANELA-EN-POLVO-UN-56-70-GR;BADIA;223;SPSA-PVEA-CUSCO-ARSOBIZPO;PLAZA VEA;19;13;PLAZA VEA CUSCO ARSOBIZPO
SPSA.xlsx;20010544;BADIA-CANELA-EN-POLVO-UN-56-70-GR;BADIA;122;SPSA-PVEA-ICA;PLAZA VEA;16;16;PLAZA VEA ICA
SPSA.xlsx;20010544;BADIA-CANELA-EN-POLVO-UN-56-70-GR;BADIA;892;MAKRO-PIURA;MAKRO;49;22;MAKRO PIURA
SPSA.xlsx;20010544;BADIA-CANELA-EN-POLVO-UN-56-70-GR;BADIA;109;SPSA-PVEA-DASSO;PLAZA VEA;56;16;PLAZA VEA DASSO
SPSA.xlsx;20010544;BADIA-CANELA-EN-POLVO-UN-56-70-GR;BADIA;172;SPSA-PVEA-PUNO;PLAZA VEA;5;16;PLAZA VEA PUNO
SPSA.xlsx;20010544;BADIA-CANELA-EN-POLVO-UN-56-70-GR;BADIA;112;SPSA-PVEA-CERES;PLAZA VEA;4;11;PLAZA VEA CERES
SPSA.xlsx;20010544;BADIA-CANELA-EN-POLVO-UN-56-70-GR;BADIA;1249;MAKRO-CANETE;MAKRO;8;89;MAKRO CANETE
SPSA.xlsx;20010544;BADIA-CANELA-EN-POLVO-UN-56-70-GR;BADIA;93;SPSA-VIVANDA-DOS-DE-MAYO;VIVANDA;17;19;VIVANDA DOS DE MAYO
SPSA.xlsx;20010544;BADIA-CANELA-EN-POLVO-UN-56-70-GR;BADIA;899;MAKRO-TRUJILLO-II;MAKRO;32;21;MAKRO TRUJILLO II
SPSA.xlsx;20010544;BADIA-CANELA-EN-POLVO-UN-56-70-GR;BADIA;203;SPSA-PVEA-RIMAC-ALCAZAR;PLAZA VEA;9;17;PLAZA VEA RIMAC ALCAZAR
SPSA.xlsx;20010544;BADIA-CANELA-EN-POLVO-UN-56-70-GR;BADIA;226;SPSA-PVEA-PAITA;PLAZA VEA;5;18;PLAZA VEA PAITA
SPSA.xlsx;20010544;BADIA-CANELA-EN-POLVO-UN-56-70-GR;BADIA;1198;SPSA-PVEA-CUSCO-WANCHAQ;PLAZA VEA;4;11;PLAZA VEA CUSCO WANCHAQ
SPSA.xlsx;20010544;BADIA-CANELA-EN-POLVO-UN-56-70-GR;BADIA;225;SPSA-PVEA-CAJAMARCA;PLAZA VEA;27;14;PLAZA VEA CAJAMARCA
SPSA.xlsx;20010544;BADIA-CANELA-EN-POLVO-UN-56-70-GR;BADIA;117;SPSA-PVEA-IZAGUIRRE;PLAZA VEA;11;16;PLAZA VEA IZAGUIRRE
SPSA.xlsx;20010544;BADIA-CANELA-EN-POLVO-UN-56-70-GR;BADIA;132;SPSA-PVEA-EL-EJERCITO;PLAZA VEA;7;16;PLAZA VEA EL EJERCITO
SPSA.xlsx;20010544;BADIA-CANELA-EN-POLVO-UN-56-70-GR;BADIA;114;SPSA-PVEA-PRO;PLAZA VEA;6;11;PLAZA VEA PRO
SPSA.xlsx;20010544;BADIA-CANELA-EN-POLVO-UN-56-70-GR;BADIA;141;SPSA-PVEA-CHOSICA;PLAZA VEA;5;12;PLAZA VEA CHOSICA
SPSA.xlsx;20010544;BADIA-CANELA-EN-POLVO-UN-56-70-GR;BADIA;95;SPSA-VIVANDA-MONTERRICO;VIVANDA;52;11;VIVANDA MONTERRICO
SPSA.xlsx;20010544;BADIA-CANELA-EN-POLVO-UN-56-70-GR;BADIA;896;MAKRO-CHINCHA;MAKRO;12;17;MAKRO CHINCHA
SPSA.xlsx;20010544;BADIA-CANELA-EN-POLVO-UN-56-70-GR;BADIA;290;SPSA-VIVANDA-ASIA;VIVANDA;10;17;VIVANDA ASIA
SPSA.xlsx;20010544;BADIA-CANELA-EN-POLVO-UN-56-70-GR;BADIA;130;SPSA-PVEA-CHIMBOTE;PLAZA VEA;14;11;PLAZA VEA CHIMBOTE
SPSA.xlsx;20010544;BADIA-CANELA-EN-POLVO-UN-56-70-GR;BADIA;142;SPSA-PVEA-CHINCHA;PLAZA VEA;14;12;PLAZA VEA CHINCHA
SPSA.xlsx;20010544;BADIA-CANELA-EN-POLVO-UN-56-70-GR;BADIA;231;SPSA-PVEA-VENTANILLA;PLAZA VEA;15;11;PLAZA VEA VENTANILLA
SPSA.xlsx;20010544;BADIA-CANELA-EN-POLVO-UN-56-70-GR;BADIA;1033;MAKRO-VENEZUELA;MAKRO;51;15;MAKRO VENEZUELA
SPSA.xlsx;20010544;BADIA-CANELA-EN-POLVO-UN-56-70-GR;BADIA;139;SPSA-PVEA-ALAMEDA-SUR;PLAZA VEA;24;25;PLAZA VEA ALAMEDA SUR
SPSA.xlsx;20010544;BADIA-CANELA-EN-POLVO-UN-56-70-GR;BADIA;115;SPSA-PVEA-HUANCAYO;PLAZA VEA;13;4;PLAZA VEA HUANCAYO
SPSA.xlsx;20010544;BADIA-CANELA-EN-POLVO-UN-56-70-GR;BADIA;522;MAKRO-AREQUIPA;MAKRO;15;27;MAKRO AREQUIPA
SPSA.xlsx;20010544;BADIA-CANELA-EN-POLVO-UN-56-70-GR;BADIA;2638;SPSA-PLAZA-VEA-SJB-AYACUCHO;PLAZA VEA;27;21;PLAZA VEA SJB AYACUCHO
SPSA.xlsx;20010544;BADIA-CANELA-EN-POLVO-UN-56-70-GR;BADIA;125;SPSA-PVEA-SJ-LURIGANCHO;PLAZA VEA;7;13;PLAZA VEA SJ LURIGANCHO
SPSA.xlsx;20010544;BADIA-CANELA-EN-POLVO-UN-56-70-GR;BADIA;201;SPSA-PVEA-HUARAL;PLAZA VEA;7;10;PLAZA VEA HUARAL
SPSA.xlsx;20010544;BADIA-CANELA-EN-POLVO-UN-56-70-GR;BADIA;195;SPSA-PVEA-SAN-BORJA;PLAZA VEA;36;13;PLAZA VEA SAN BORJA
SPSA.xlsx;20010544;BADIA-CANELA-EN-POLVO-UN-56-70-GR;BADIA;894;MAKRO-VILLA-EL-SALVADOR;MAKRO;19;23;MAKRO VILLA EL SALVADOR
SPSA.xlsx;20010544;BADIA-CANELA-EN-POLVO-UN-56-70-GR;BADIA;147;SPSA-PVEA-JULIACA;PLAZA VEA;8;18;PLAZA VEA JULIACA
SPSA.xlsx;20010544;BADIA-CANELA-EN-POLVO-UN-56-70-GR;BADIA;221;SPSA-PVEA-BARRANCA;PLAZA VEA;2;15;PLAZA VEA BARRANCA
SPSA.xlsx;20010544;BADIA-CANELA-EN-POLVO-UN-56-70-GR;BADIA;723;SPSA-PVEA-PURUCHUCO;PLAZA VEA;16;19;PLAZA VEA PURUCHUCO
SPSA.xlsx;20010544;BADIA-CANELA-EN-POLVO-UN-56-70-GR;BADIA;1593;SPSA-PLAZA-VEA-AVENTURA-SJL;PLAZA VEA;29;3;PLAZA VEA AVENTURA SJL
SPSA.xlsx;20010544;BADIA-CANELA-EN-POLVO-UN-56-70-GR;BADIA;89;SPSA-PVEA-RISSO;PLAZA VEA;19;9;PLAZA VEA RISSO
SPSA.xlsx;20010544;BADIA-CANELA-EN-POLVO-UN-56-70-GR;BADIA;2273;MAKRO-SJM;MAKRO;16;19;MAKRO SAN JUAN DE MIRAFLORES
SPSA.xlsx;20010544;BADIA-CANELA-EN-POLVO-UN-56-70-GR;BADIA;291;SPSA-PVEA-LA-CURVA;PLAZA VEA;14;23;PLAZA VEA LA CURVA
SPSA.xlsx;20010544;BADIA-CANELA-EN-POLVO-UN-56-70-GR;BADIA;2637;SPSA-PLAZA-VEA-TARAPOTO-2;PLAZA VEA;12;20;PLAZA VEA TARAPOTO 2
SPSA.xlsx;20010544;BADIA-CANELA-EN-POLVO-UN-56-70-GR;BADIA;2;PVO-PLAZA-VEA-PUCALLPA;PLAZA VEA;39;25;PLAZA VEA PUCALLPA
SPSA.xlsx;20010544;BADIA-CANELA-EN-POLVO-UN-56-70-GR;BADIA;61;SPSA-PVEA-CORTIJO;PLAZA VEA;31;16;PLAZA VEA CORTIJO
SPSA.xlsx;20010544;BADIA-CANELA-EN-POLVO-UN-56-70-GR;BADIA;465;SPSA-PVEA-SUCRE;PLAZA VEA;45;26;PLAZA VEA SUCRE
SPSA.xlsx;20010544;BADIA-CANELA-EN-POLVO-UN-56-70-GR;BADIA;126;SPSA-PVEA-SANTA-CLARA;PLAZA VEA;14;5;PLAZA VEA SANTA CLARA
SPSA.xlsx;20010544;BADIA-CANELA-EN-POLVO-UN-56-70-GR;BADIA;262;PVEA-TALARA-MALL;PLAZA VEA;6;20;PLAZA VEA TALARA MALL
SPSA.xlsx;20010544;BADIA-CANELA-EN-POLVO-UN-56-70-GR;BADIA;891;MAKRO-TRUJILLO-I;MAKRO;59;18;MAKRO TRUJILLO I
SPSA.xlsx;20010544;BADIA-CANELA-EN-POLVO-UN-56-70-GR;BADIA;1252;MAKRO-SAN-MARTIN-DE-PORRES;MAKRO;68;34;MAKRO SAN MARTIN DE PORRES
SPSA.xlsx;20010544;BADIA-CANELA-EN-POLVO-UN-56-70-GR;BADIA;96;SPSA-PVEA-SAN-JORGE;PLAZA VEA;11;9;PLAZA VEA SAN JORGE
SPSA.xlsx;20010544;BADIA-CANELA-EN-POLVO-UN-56-70-GR;BADIA;236;SPSA-PVEA-PISCO;PLAZA VEA;21;16;PLAZA VEA PISCO
SPSA.xlsx;20010544;BADIA-CANELA-EN-POLVO-UN-56-70-GR;BADIA;94;SPSA-VIVANDA-BENAVIDES;VIVANDA;19;13;VIVANDA BENAVIDES
SPSA.xlsx;20010544;BADIA-CANELA-EN-POLVO-UN-56-70-GR;BADIA;333;SPSA-PVEA-PLACITA;PLAZA VEA;16;14;PLAZA VEA PLACITA
SPSA.xlsx;20010544;BADIA-CANELA-EN-POLVO-UN-56-70-GR;BADIA;106;SPSA-PVEA-VALLE-HERMOSO;PLAZA VEA;46;14;PLAZA VEA VALLE HERMOSO
SPSA.xlsx;20010544;BADIA-CANELA-EN-POLVO-UN-56-70-GR;BADIA;118;SPSA-PVEA-ALFONSO-UGARTE;PLAZA VEA;6;12;PLAZA VEA ALFONSO UGARTE
SPSA.xlsx;20010544;BADIA-CANELA-EN-POLVO-UN-56-70-GR;BADIA;59;SPSA-PVEA-CALLAO;PLAZA VEA;7;9;PLAZA VEA CALLAO
SPSA.xlsx;20010544;BADIA-CANELA-EN-POLVO-UN-56-70-GR;BADIA;177;SPSA-PVEA-TALARA;PLAZA VEA;4;16;PLAZA VEA TALARA
SPSA.xlsx;20010544;BADIA-CANELA-EN-POLVO-UN-56-70-GR;BADIA;64;SPSA-PVEA-MIRAFLORES;PLAZA VEA;78;27;PLAZA VEA MIRAFLORES
SPSA.xlsx;20010544;BADIA-CANELA-EN-POLVO-UN-56-70-GR;BADIA;1199;SPSA-PVEA-SAN-MIGUEL;PLAZA VEA;8;6;PLAZA VEA SAN MIGUEL
SPSA.xlsx;20010544;BADIA-CANELA-EN-POLVO-UN-56-70-GR;BADIA;202;SPSA-PVEA-LURIN;PLAZA VEA;21;15;PLAZA VEA LURIN
SPSA.xlsx;20010544;BADIA-CANELA-EN-POLVO-UN-56-70-GR;BADIA;898;MAKRO-HUACHO;MAKRO;13;17;MAKRO HUACHO
SPSA.xlsx;20010544;BADIA-CANELA-EN-POLVO-UN-56-70-GR;BADIA;102;SPSA-PVEA-CHICLAYO;PLAZA VEA;24;7;PLAZA VEA CHICLAYO
SPSA.xlsx;20010544;BADIA-CANELA-EN-POLVO-UN-56-70-GR;BADIA;360;MAKRO-SURCO;MAKRO;139;28;MAKRO SURCO
SPSA.xlsx;20010544;BADIA-CANELA-EN-POLVO-UN-56-70-GR;BADIA;359;MAKRO-SANTA-ANITA;MAKRO;82;16;MAKRO SANTA ANITA
SPSA.xlsx;20010544;BADIA-CANELA-EN-POLVO-UN-56-70-GR;BADIA;1250;MAKRO-CHIMBOTE;MAKRO;14;23;MAKRO CHIMBOTE
SPSA.xlsx;20010544;BADIA-CANELA-EN-POLVO-UN-56-70-GR;BADIA;145;SPSA-PVEA-PIURA;PLAZA VEA;40;16;PLAZA VEA PIURA
SPSA.xlsx;20010544;BADIA-CANELA-EN-POLVO-UN-56-70-GR;BADIA;48;SPSA-PVEA-HIGUERETA;PLAZA VEA;32;23;PLAZA VEA HIGUERETA
SPSA.xlsx;20010544;BADIA-CANELA-EN-POLVO-UN-56-70-GR;BADIA;84;SPSA-PVEA-COMAS;PLAZA VEA;1;7;PLAZA VEA COMAS
SPSA.xlsx;20010544;BADIA-CANELA-EN-POLVO-UN-56-70-GR;BADIA;724;SPSA-PVEA-TUMBES;PLAZA VEA;4;15;PLAZA VEA TUMBES
SPSA.xlsx;20010544;BADIA-CANELA-EN-POLVO-UN-56-70-GR;BADIA;4;PVO-PLAZA-VEA-JAEN;PLAZA VEA;7;13;PLAZA VEA JAEN
SPSA.xlsx;20010544;BADIA-CANELA-EN-POLVO-UN-56-70-GR;BADIA;564;MAKRO-CHICLAYO;MAKRO;48;23;MAKRO CHICLAYO
SPSA.xlsx;20010544;BADIA-CANELA-EN-POLVO-UN-56-70-GR;BADIA;52;SPSA-PVEA-BRASIL;PLAZA VEA;12;15;PLAZA VEA BRASIL
SPSA.xlsx;20010544;BADIA-CANELA-EN-POLVO-UN-56-70-GR;BADIA;68;SPSA-PVEA-PRIMAVERA;PLAZA VEA;17;16;PLAZA VEA PRIMAVERA
SPSA.xlsx;20010544;BADIA-CANELA-EN-POLVO-UN-56-70-GR;BADIA;119;SPSA-PVEA-PUENTE-PIEDRA;PLAZA VEA;12;10;PLAZA VEA PUENTE PIEDRA
SPSA.xlsx;20010544;BADIA-CANELA-EN-POLVO-UN-56-70-GR;BADIA;3;PVO-PLAZA-VEA-HUANUCO;PLAZA VEA;21;19;PLAZA VEA HUANUCO
SPSA.xlsx;20010544;BADIA-CANELA-EN-POLVO-UN-56-70-GR;BADIA;448;ZARATE-2- -MK;MAKRO;14;21;MAKRO ZARATE 2
SPSA.xlsx;20010544;BADIA-CANELA-EN-POLVO-UN-56-70-GR;BADIA;510;AREQUIPA-2-MK;MAKRO;31;28;MAKRO AREQUIPA 2
SPSA.xlsx;20010544;BADIA-CANELA-EN-POLVO-UN-56-70-GR;BADIA;123;SPSA-PVEA-EL-CHACARERO;PLAZA VEA;17;18;PLAZA VEA EL CHACARERO
SPSA.xlsx;20010544;BADIA-CANELA-EN-POLVO-UN-56-70-GR;BADIA;893;MAKRO-COMAS;MAKRO;28;25;MAKRO COMAS
SPSA.xlsx;20010544;BADIA-CANELA-EN-POLVO-UN-56-70-GR;BADIA;90;SPSA-VIVANDA-PEZET;VIVANDA;40;15;VIVANDA PEZET
SPSA.xlsx;20010544;BADIA-CANELA-EN-POLVO-UN-56-70-GR;BADIA;158;SPSA-PVEA-VILLA-EL-SALVADOR;PLAZA VEA;5;3;PLAZA VEA VILLA EL SALVADOR
SPSA.xlsx;20010544;BADIA-CANELA-EN-POLVO-UN-56-70-GR;BADIA;144;SPSA-PVEA-HUACHO;PLAZA VEA;15;18;PLAZA VEA HUACHO
SPSA.xlsx;20010544;BADIA-CANELA-EN-POLVO-UN-56-70-GR;BADIA;917;SPSA-CD-PUNTA-NEGRA;CD;0;-32;CD PUNTA NEGRA
SPSA.xlsx;20149385;BADIA-PIMENTON-X-56-7-GR;BADIA;2;PVO-PLAZA-VEA-PUCALLPA;PLAZA VEA;53;5;PLAZA VEA PUCALLPA
SPSA.xlsx;20149385;BADIA-PIMENTON-X-56-7-GR;BADIA;226;SPSA-PVEA-PAITA;PLAZA VEA;10;6;PLAZA VEA PAITA
SPSA.xlsx;20149385;BADIA-PIMENTON-X-56-7-GR;BADIA;290;SPSA-VIVANDA-ASIA;VIVANDA;5;21;VIVANDA ASIA
SPSA.xlsx;20149385;BADIA-PIMENTON-X-56-7-GR;BADIA;195;SPSA-PVEA-SAN-BORJA;PLAZA VEA;43;17;PLAZA VEA SAN BORJA
SPSA.xlsx;20149385;BADIA-PIMENTON-X-56-7-GR;BADIA;115;SPSA-PVEA-HUANCAYO;PLAZA VEA;35;8;PLAZA VEA HUANCAYO
SPSA.xlsx;20149385;BADIA-PIMENTON-X-56-7-GR;BADIA;896;MAKRO-CHINCHA;MAKRO;20;19;MAKRO CHINCHA
SPSA.xlsx;20149385;BADIA-PIMENTON-X-56-7-GR;BADIA;10;SPSA-PVEA-CAMINOS-DEL-INCA;PLAZA VEA;73;14;PLAZA VEA CAMINOS DEL INCA
SPSA.xlsx;20149385;BADIA-PIMENTON-X-56-7-GR;BADIA;203;SPSA-PVEA-RIMAC-ALCAZAR;PLAZA VEA;20;13;PLAZA VEA RIMAC ALCAZAR
SPSA.xlsx;20149385;BADIA-PIMENTON-X-56-7-GR;BADIA;448;ZARATE-2- -MK;MAKRO;11;24;MAKRO ZARATE 2
SPSA.xlsx;20149385;BADIA-PIMENTON-X-56-7-GR;BADIA;80;SPSA-PVEA-LA-BOLICHERA;PLAZA VEA;25;21;PLAZA VEA LA BOLICHERA
SPSA.xlsx;20149385;BADIA-PIMENTON-X-56-7-GR;BADIA;89;SPSA-PVEA-RISSO;PLAZA VEA;27;17;PLAZA VEA RISSO
SPSA.xlsx;20149385;BADIA-PIMENTON-X-56-7-GR;BADIA;895;MAKRO-HUANCAYO;MAKRO;19;18;MAKRO HUANCAYO
SPSA.xlsx;20149385;BADIA-PIMENTON-X-56-7-GR;BADIA;358;MAKRO-CALLAO;MAKRO;50;23;MAKRO CALLAO
SPSA.xlsx;20149385;BADIA-PIMENTON-X-56-7-GR;BADIA;1252;MAKRO-SAN-MARTIN-DE-PORRES;MAKRO;66;32;MAKRO SAN MARTIN DE PORRES
SPSA.xlsx;20149385;BADIA-PIMENTON-X-56-7-GR;BADIA;37;SPSA-PVEA-JOCKEY;PLAZA VEA;10;23;PLAZA VEA JOCKEY
SPSA.xlsx;20149385;BADIA-PIMENTON-X-56-7-GR;BADIA;126;SPSA-PVEA-SANTA-CLARA;PLAZA VEA;13;16;PLAZA VEA SANTA CLARA
SPSA.xlsx;20149385;BADIA-PIMENTON-X-56-7-GR;BADIA;61;SPSA-PVEA-CORTIJO;PLAZA VEA;42;17;PLAZA VEA CORTIJO
SPSA.xlsx;20149385;BADIA-PIMENTON-X-56-7-GR;BADIA;261;SPSA-PVEA-EL-AGUSTINO;PLAZA VEA;4;5;PLAZA VEA EL AGUSTINO
SPSA.xlsx;20149385;BADIA-PIMENTON-X-56-7-GR;BADIA;104;SPSA-PVEA-AREQUIPA;PLAZA VEA;5;17;PLAZA VEA AREQUIPA
SPSA.xlsx;20149385;BADIA-PIMENTON-X-56-7-GR;BADIA;134;SPSA-PVEA-CENTRO-CIVICO;PLAZA VEA;13;17;PLAZA VEA CENTRO CIVICO
SPSA.xlsx;20149385;BADIA-PIMENTON-X-56-7-GR;BADIA;769;SPSA-PVEA-CHICLAYO-MALL;PLAZA VEA;14;3;PLAZA VEA CHICLAYO MALL
SPSA.xlsx;20149385;BADIA-PIMENTON-X-56-7-GR;BADIA;3;PVO-PLAZA-VEA-HUANUCO;PLAZA VEA;30;13;PLAZA VEA HUANUCO
SPSA.xlsx;20149385;BADIA-PIMENTON-X-56-7-GR;BADIA;93;SPSA-VIVANDA-DOS-DE-MAYO;VIVANDA;20;20;VIVANDA DOS DE MAYO
SPSA.xlsx;20149385;BADIA-PIMENTON-X-56-7-GR;BADIA;133;SPSA-PVEA-GUARDIA-CIVIL;PLAZA VEA;23;21;PLAZA VEA GUARDIA CIVIL
SPSA.xlsx;20149385;BADIA-PIMENTON-X-56-7-GR;BADIA;231;SPSA-PVEA-VENTANILLA;PLAZA VEA;13;2;PLAZA VEA VENTANILLA
SPSA.xlsx;20149385;BADIA-PIMENTON-X-56-7-GR;BADIA;465;SPSA-PVEA-SUCRE;PLAZA VEA;33;7;PLAZA VEA SUCRE
SPSA.xlsx;20149385;BADIA-PIMENTON-X-56-7-GR;BADIA;1;SPSA-PVEA-LOS-OLIVOS;PLAZA VEA;30;9;PLAZA VEA LOS OLIVOS
SPSA.xlsx;20149385;BADIA-PIMENTON-X-56-7-GR;BADIA;119;SPSA-PVEA-PUENTE-PIEDRA;PLAZA VEA;22;7;PLAZA VEA PUENTE PIEDRA
SPSA.xlsx;20149385;BADIA-PIMENTON-X-56-7-GR;BADIA;109;SPSA-PVEA-DASSO;PLAZA VEA;34;18;PLAZA VEA DASSO
SPSA.xlsx;20149385;BADIA-PIMENTON-X-56-7-GR;BADIA;262;PVEA-TALARA-MALL;PLAZA VEA;18;22;PLAZA VEA TALARA MALL
SPSA.xlsx;20149385;BADIA-PIMENTON-X-56-7-GR;BADIA;145;SPSA-PVEA-PIURA;PLAZA VEA;26;32;PLAZA VEA PIURA
SPSA.xlsx;20149385;BADIA-PIMENTON-X-56-7-GR;BADIA;122;SPSA-PVEA-ICA;PLAZA VEA;32;16;PLAZA VEA ICA
SPSA.xlsx;20149385;BADIA-PIMENTON-X-56-7-GR;BADIA;143;SPSA-PVEA-NUEVO-CHIMBOTE;PLAZA VEA;24;10;PLAZA VEA NUEVO CHIMBOTE
SPSA.xlsx;20149385;BADIA-PIMENTON-X-56-7-GR;BADIA;236;SPSA-PVEA-PISCO;PLAZA VEA;35;18;PLAZA VEA PISCO
SPSA.xlsx;20149385;BADIA-PIMENTON-X-56-7-GR;BADIA;899;MAKRO-TRUJILLO-II;MAKRO;32;26;MAKRO TRUJILLO II
SPSA.xlsx;20149385;BADIA-PIMENTON-X-56-7-GR;BADIA;516;SPSA-PVEA-COSTANERA-ILO;PLAZA VEA;18;20;PLAZA VEA COSTANERA ILO
SPSA.xlsx;20149385;BADIA-PIMENTON-X-56-7-GR;BADIA;112;SPSA-PVEA-CERES;PLAZA VEA;6;9;PLAZA VEA CERES
SPSA.xlsx;20149385;BADIA-PIMENTON-X-56-7-GR;BADIA;1593;SPSA-PLAZA-VEA-AVENTURA-SJL;PLAZA VEA;25;19;PLAZA VEA AVENTURA SJL
SPSA.xlsx;20149385;BADIA-PIMENTON-X-56-7-GR;BADIA;259;PVEA-MOQUEGUA;PLAZA VEA;14;23;PLAZA VEA MOQUEGUA
SPSA.xlsx;20149385;BADIA-PIMENTON-X-56-7-GR;BADIA;142;SPSA-PVEA-CHINCHA;PLAZA VEA;24;12;PLAZA VEA CHINCHA
SPSA.xlsx;20149385;BADIA-PIMENTON-X-56-7-GR;BADIA;4;PVO-PLAZA-VEA-JAEN;PLAZA VEA;11;11;PLAZA VEA JAEN
SPSA.xlsx;20149385;BADIA-PIMENTON-X-56-7-GR;BADIA;723;SPSA-PVEA-PURUCHUCO;PLAZA VEA;9;18;PLAZA VEA PURUCHUCO
SPSA.xlsx;20149385;BADIA-PIMENTON-X-56-7-GR;BADIA;90;SPSA-VIVANDA-PEZET;VIVANDA;20;20;VIVANDA PEZET
SPSA.xlsx;20149385;BADIA-PIMENTON-X-56-7-GR;BADIA;172;SPSA-PVEA-PUNO;PLAZA VEA;17;11;PLAZA VEA PUNO
SPSA.xlsx;20149385;BADIA-PIMENTON-X-56-7-GR;BADIA;710;MAKRO-SAN-JUAN-DE-LURIGANCHO;MAKRO;38;12;MAKRO SAN JUAN DE LURIGANCHO
SPSA.xlsx;20149385;BADIA-PIMENTON-X-56-7-GR;BADIA;48;SPSA-PVEA-HIGUERETA;PLAZA VEA;35;23;PLAZA VEA HIGUERETA
SPSA.xlsx;20149385;BADIA-PIMENTON-X-56-7-GR;BADIA;291;SPSA-PVEA-LA-CURVA;PLAZA VEA;17;9;PLAZA VEA LA CURVA
SPSA.xlsx;20149385;BADIA-PIMENTON-X-56-7-GR;BADIA;139;SPSA-PVEA-ALAMEDA-SUR;PLAZA VEA;20;-7;PLAZA VEA ALAMEDA SUR
SPSA.xlsx;20149385;BADIA-PIMENTON-X-56-7-GR;BADIA;146;SPSA-PVEA-TACNA;PLAZA VEA;37;8;PLAZA VEA TACNA
SPSA.xlsx;20149385;BADIA-PIMENTON-X-56-7-GR;BADIA;2637;SPSA-PLAZA-VEA-TARAPOTO-2;PLAZA VEA;28;22;PLAZA VEA TARAPOTO 2
SPSA.xlsx;20149385;BADIA-PIMENTON-X-56-7-GR;BADIA;227;SPSA-PVEA-SAN-ISIDRO;PLAZA VEA;16;19;PLAZA VEA SAN ISIDRO
SPSA.xlsx;20149385;BADIA-PIMENTON-X-56-7-GR;BADIA;223;SPSA-PVEA-CUSCO-ARSOBIZPO;PLAZA VEA;37;3;PLAZA VEA CUSCO ARSOBIZPO
SPSA.xlsx;20149385;BADIA-PIMENTON-X-56-7-GR;BADIA;333;SPSA-PVEA-PLACITA;PLAZA VEA;15;4;PLAZA VEA PLACITA
SPSA.xlsx;20149385;BADIA-PIMENTON-X-56-7-GR;BADIA;511;SULLANA-MK;MAKRO;21;20;MAKRO SULLANA
SPSA.xlsx;20149385;BADIA-PIMENTON-X-56-7-GR;BADIA;94;SPSA-VIVANDA-BENAVIDES;VIVANDA;17;18;VIVANDA BENAVIDES
SPSA.xlsx;20149385;BADIA-PIMENTON-X-56-7-GR;BADIA;135;SPSA-PVEA-COLONIAL;PLAZA VEA;16;33;PLAZA VEA COLONIAL
SPSA.xlsx;20149385;BADIA-PIMENTON-X-56-7-GR;BADIA;102;SPSA-PVEA-CHICLAYO;PLAZA VEA;22;15;PLAZA VEA CHICLAYO
SPSA.xlsx;20149385;BADIA-PIMENTON-X-56-7-GR;BADIA;141;SPSA-PVEA-CHOSICA;PLAZA VEA;6;11;PLAZA VEA CHOSICA
SPSA.xlsx;20149385;BADIA-PIMENTON-X-56-7-GR;BADIA;147;SPSA-PVEA-JULIACA;PLAZA VEA;14;20;PLAZA VEA JULIACA
SPSA.xlsx;20149385;BADIA-PIMENTON-X-56-7-GR;BADIA;359;MAKRO-SANTA-ANITA;MAKRO;88;31;MAKRO SANTA ANITA
SPSA.xlsx;20149385;BADIA-PIMENTON-X-56-7-GR;BADIA;1199;SPSA-PVEA-SAN-MIGUEL;PLAZA VEA;17;8;PLAZA VEA SAN MIGUEL
SPSA.xlsx;20149385;BADIA-PIMENTON-X-56-7-GR;BADIA;891;MAKRO-TRUJILLO-I;MAKRO;55;20;MAKRO TRUJILLO I
SPSA.xlsx;20149385;BADIA-PIMENTON-X-56-7-GR;BADIA;202;SPSA-PVEA-LURIN;PLAZA VEA;22;14;PLAZA VEA LURIN
SPSA.xlsx;20149385;BADIA-PIMENTON-X-56-7-GR;BADIA;192;SPSA-PVEA-SULLANA;PLAZA VEA;6;10;PLAZA VEA SULLANA
SPSA.xlsx;20149385;BADIA-PIMENTON-X-56-7-GR;BADIA;106;SPSA-PVEA-VALLE-HERMOSO;PLAZA VEA;39;19;PLAZA VEA VALLE HERMOSO
SPSA.xlsx;20149385;BADIA-PIMENTON-X-56-7-GR;BADIA;132;SPSA-PVEA-EL-EJERCITO;PLAZA VEA;9;16;PLAZA VEA EL EJERCITO
SPSA.xlsx;20149385;BADIA-PIMENTON-X-56-7-GR;BADIA;158;SPSA-PVEA-VILLA-EL-SALVADOR;PLAZA VEA;11;7;PLAZA VEA VILLA EL SALVADOR
SPSA.xlsx;20149385;BADIA-PIMENTON-X-56-7-GR;BADIA;125;SPSA-PVEA-SJ-LURIGANCHO;PLAZA VEA;10;2;PLAZA VEA SJ LURIGANCHO
SPSA.xlsx;20149385;BADIA-PIMENTON-X-56-7-GR;BADIA;105;SPSA-PVEA-SALAMANCA;PLAZA VEA;19;17;PLAZA VEA SALAMANCA
SPSA.xlsx;20149385;BADIA-PIMENTON-X-56-7-GR;BADIA;108;SPSA-PVEA-AYACUCHO;PLAZA VEA;9;20;PLAZA VEA AYACUCHO
SPSA.xlsx;20149385;BADIA-PIMENTON-X-56-7-GR;BADIA;2273;MAKRO-SJM;MAKRO;31;20;MAKRO SAN JUAN DE MIRAFLORES
SPSA.xlsx;20149385;BADIA-PIMENTON-X-56-7-GR;BADIA;140;SPSA-VIVANDA-LIBERTADORES;VIVANDA;17;11;VIVANDA LIBERTADORES
SPSA.xlsx;20149385;BADIA-PIMENTON-X-56-7-GR;BADIA;2638;SPSA-PLAZA-VEA-SJB-AYACUCHO;PLAZA VEA;29;19;PLAZA VEA SJB AYACUCHO
SPSA.xlsx;20149385;BADIA-PIMENTON-X-56-7-GR;BADIA;96;SPSA-PVEA-SAN-JORGE;PLAZA VEA;15;16;PLAZA VEA SAN JORGE
SPSA.xlsx;20149385;BADIA-PIMENTON-X-56-7-GR;BADIA;522;MAKRO-AREQUIPA;MAKRO;29;6;MAKRO AREQUIPA
SPSA.xlsx;20149385;BADIA-PIMENTON-X-56-7-GR;BADIA;120;SPSA-PVEA-UNIVERSITARIA;PLAZA VEA;12;4;PLAZA VEA UNIVERSITARIA
SPSA.xlsx;20149385;BADIA-PIMENTON-X-56-7-GR;BADIA;1033;MAKRO-VENEZUELA;MAKRO;46;24;MAKRO VENEZUELA
SPSA.xlsx;20149385;BADIA-PIMENTON-X-56-7-GR;BADIA;893;MAKRO-COMAS;MAKRO;29;21;MAKRO COMAS
SPSA.xlsx;20149385;BADIA-PIMENTON-X-56-7-GR;BADIA;564;MAKRO-CHICLAYO;MAKRO;50;19;MAKRO CHICLAYO
SPSA.xlsx;20149385;BADIA-PIMENTON-X-56-7-GR;BADIA;68;SPSA-PVEA-PRIMAVERA;PLAZA VEA;15;14;PLAZA VEA PRIMAVERA
SPSA.xlsx;20149385;BADIA-PIMENTON-X-56-7-GR;BADIA;117;SPSA-PVEA-IZAGUIRRE;PLAZA VEA;7;9;PLAZA VEA IZAGUIRRE
SPSA.xlsx;20149385;BADIA-PIMENTON-X-56-7-GR;BADIA;897;MAKRO-ICA;MAKRO;24;12;MAKRO ICA
SPSA.xlsx;20149385;BADIA-PIMENTON-X-56-7-GR;BADIA;449;CUSCO-MK;MAKRO;42;15;MAKRO CUSCO
SPSA.xlsx;20149385;BADIA-PIMENTON-X-56-7-GR;BADIA;1250;MAKRO-CHIMBOTE;MAKRO;10;24;MAKRO CHIMBOTE
SPSA.xlsx;20149385;BADIA-PIMENTON-X-56-7-GR;BADIA;59;SPSA-PVEA-CALLAO;PLAZA VEA;8;10;PLAZA VEA CALLAO
SPSA.xlsx;20149385;BADIA-PIMENTON-X-56-7-GR;BADIA;1058;MAKRO-HUAYLAS;MAKRO;27;17;MAKRO HUAYLAS
SPSA.xlsx;20149385;BADIA-PIMENTON-X-56-7-GR;BADIA;357;MAKRO-INDEPENDENCIA;MAKRO;63;23;MAKRO INDEPENDENCIA
SPSA.xlsx;20149385;BADIA-PIMENTON-X-56-7-GR;BADIA;95;SPSA-VIVANDA-MONTERRICO;VIVANDA;29;62;VIVANDA MONTERRICO
SPSA.xlsx;20149385;BADIA-PIMENTON-X-56-7-GR;BADIA;724;SPSA-PVEA-TUMBES;PLAZA VEA;21;20;PLAZA VEA TUMBES
SPSA.xlsx;20149385;BADIA-PIMENTON-X-56-7-GR;BADIA;898;MAKRO-HUACHO;MAKRO;15;16;MAKRO HUACHO
SPSA.xlsx;20149385;BADIA-PIMENTON-X-56-7-GR;BADIA;892;MAKRO-PIURA;MAKRO;37;24;MAKRO PIURA
SPSA.xlsx;20149385;BADIA-PIMENTON-X-56-7-GR;BADIA;52;SPSA-PVEA-BRASIL;PLAZA VEA;12;11;PLAZA VEA BRASIL
SPSA.xlsx;20149385;BADIA-PIMENTON-X-56-7-GR;BADIA;229;SPSA-PVEA-SALAVERRY;PLAZA VEA;38;8;PLAZA VEA SALAVERRY
SPSA.xlsx;20149385;BADIA-PIMENTON-X-56-7-GR;BADIA;224;SPSA-PVEA-BRENA;PLAZA VEA;34;7;PLAZA VEA BRENA
SPSA.xlsx;20149385;BADIA-PIMENTON-X-56-7-GR;BADIA;509;PIURA-2-MK;MAKRO;21;-2;MAKRO PIURA 2
SPSA.xlsx;20149385;BADIA-PIMENTON-X-56-7-GR;BADIA;1249;MAKRO-CANETE;MAKRO;17;97;MAKRO CANETE
SPSA.xlsx;20149385;BADIA-PIMENTON-X-56-7-GR;BADIA;177;SPSA-PVEA-TALARA;PLAZA VEA;8;14;PLAZA VEA TALARA
SPSA.xlsx;20149385;BADIA-PIMENTON-X-56-7-GR;BADIA;360;MAKRO-SURCO;MAKRO;107;42;MAKRO SURCO
SPSA.xlsx;20149385;BADIA-PIMENTON-X-56-7-GR;BADIA;64;SPSA-PVEA-MIRAFLORES;PLAZA VEA;36;17;PLAZA VEA MIRAFLORES
SPSA.xlsx;20149385;BADIA-PIMENTON-X-56-7-GR;BADIA;510;AREQUIPA-2-MK;MAKRO;27;20;MAKRO AREQUIPA 2
SPSA.xlsx;20149385;BADIA-PIMENTON-X-56-7-GR;BADIA;130;SPSA-PVEA-CHIMBOTE;PLAZA VEA;20;23;PLAZA VEA CHIMBOTE
SPSA.xlsx;20149385;BADIA-PIMENTON-X-56-7-GR;BADIA;894;MAKRO-VILLA-EL-SALVADOR;MAKRO;18;28;MAKRO VILLA EL SALVADOR
SPSA.xlsx;20149385;BADIA-PIMENTON-X-56-7-GR;BADIA;5;PVO-PLAZA-VEA-TARAPOTO;PLAZA VEA;16;8;PLAZA VEA TARAPOTO
SPSA.xlsx;20149385;BADIA-PIMENTON-X-56-7-GR;BADIA;114;SPSA-PVEA-PRO;PLAZA VEA;21;10;PLAZA VEA PRO
SPSA.xlsx;20149385;BADIA-PIMENTON-X-56-7-GR;BADIA;123;SPSA-PVEA-EL-CHACARERO;PLAZA VEA;22;10;PLAZA VEA EL CHACARERO
SPSA.xlsx;20149385;BADIA-PIMENTON-X-56-7-GR;BADIA;66;SPSA-PVEA-ATE;PLAZA VEA;10;18;PLAZA VEA ATE
SPSA.xlsx;20149385;BADIA-PIMENTON-X-56-7-GR;BADIA;81;SPSA-PVEA-LA-MOLINA;PLAZA VEA;25;18;PLAZA VEA LA MOLINA
SPSA.xlsx;20149385;BADIA-PIMENTON-X-56-7-GR;BADIA;225;SPSA-PVEA-CAJAMARCA;PLAZA VEA;26;25;PLAZA VEA CAJAMARCA
SPSA.xlsx;20149385;BADIA-PIMENTON-X-56-7-GR;BADIA;118;SPSA-PVEA-ALFONSO-UGARTE;PLAZA VEA;7;2;PLAZA VEA ALFONSO UGARTE
SPSA.xlsx;20149385;BADIA-PIMENTON-X-56-7-GR;BADIA;84;SPSA-PVEA-COMAS;PLAZA VEA;2;10;PLAZA VEA COMAS
SPSA.xlsx;20149385;BADIA-PIMENTON-X-56-7-GR;BADIA;946;SPSA-CD-PIURA;CD;0;-8;CD PIURA
SPSA.xlsx;20149385;BADIA-PIMENTON-X-56-7-GR;BADIA;917;SPSA-CD-PUNTA-NEGRA;CD;0;-56;CD PUNTA NEGRA
SPSA.xlsx;20081856;BIOSAL-SAL-LIVIANA-EN-SODIO-FR-125GR;BIOSAL;177;SPSA-PVEA-TALARA;PLAZA VEA;5;18;PLAZA VEA TALARA
SPSA.xlsx;20081856;BIOSAL-SAL-LIVIANA-EN-SODIO-FR-125GR;BIOSAL;139;SPSA-PVEA-ALAMEDA-SUR;PLAZA VEA;9;13;PLAZA VEA ALAMEDA SUR
SPSA.xlsx;20081856;BIOSAL-SAL-LIVIANA-EN-SODIO-FR-125GR;BIOSAL;4;PVO-PLAZA-VEA-JAEN;PLAZA VEA;3;14;PLAZA VEA JAEN
SPSA.xlsx;20081856;BIOSAL-SAL-LIVIANA-EN-SODIO-FR-125GR;BIOSAL;133;SPSA-PVEA-GUARDIA-CIVIL;PLAZA VEA;5;14;PLAZA VEA GUARDIA CIVIL
SPSA.xlsx;20081856;BIOSAL-SAL-LIVIANA-EN-SODIO-FR-125GR;BIOSAL;122;SPSA-PVEA-ICA;PLAZA VEA;7;18;PLAZA VEA ICA
SPSA.xlsx;20081856;BIOSAL-SAL-LIVIANA-EN-SODIO-FR-125GR;BIOSAL;2637;SPSA-PLAZA-VEA-TARAPOTO-2;PLAZA VEA;7;47;PLAZA VEA TARAPOTO 2
SPSA.xlsx;20081856;BIOSAL-SAL-LIVIANA-EN-SODIO-FR-125GR;BIOSAL;37;SPSA-PVEA-JOCKEY;PLAZA VEA;12;14;PLAZA VEA JOCKEY
SPSA.xlsx;20081856;BIOSAL-SAL-LIVIANA-EN-SODIO-FR-125GR;BIOSAL;227;SPSA-PVEA-SAN-ISIDRO;PLAZA VEA;11;18;PLAZA VEA SAN ISIDRO
SPSA.xlsx;20081856;BIOSAL-SAL-LIVIANA-EN-SODIO-FR-125GR;BIOSAL;145;SPSA-PVEA-PIURA;PLAZA VEA;14;25;PLAZA VEA PIURA
SPSA.xlsx;20081856;BIOSAL-SAL-LIVIANA-EN-SODIO-FR-125GR;BIOSAL;231;SPSA-PVEA-VENTANILLA;PLAZA VEA;1;14;PLAZA VEA VENTANILLA
SPSA.xlsx;20081856;BIOSAL-SAL-LIVIANA-EN-SODIO-FR-125GR;BIOSAL;80;SPSA-PVEA-LA-BOLICHERA;PLAZA VEA;11;9;PLAZA VEA LA BOLICHERA
SPSA.xlsx;20081856;BIOSAL-SAL-LIVIANA-EN-SODIO-FR-125GR;BIOSAL;120;SPSA-PVEA-UNIVERSITARIA;PLAZA VEA;6;9;PLAZA VEA UNIVERSITARIA
SPSA.xlsx;20081856;BIOSAL-SAL-LIVIANA-EN-SODIO-FR-125GR;BIOSAL;109;SPSA-PVEA-DASSO;PLAZA VEA;10;16;PLAZA VEA DASSO
SPSA.xlsx;20081856;BIOSAL-SAL-LIVIANA-EN-SODIO-FR-125GR;BIOSAL;132;SPSA-PVEA-EL-EJERCITO;PLAZA VEA;16;19;PLAZA VEA EL EJERCITO
SPSA.xlsx;20081856;BIOSAL-SAL-LIVIANA-EN-SODIO-FR-125GR;BIOSAL;158;SPSA-PVEA-VILLA-EL-SALVADOR;PLAZA VEA;1;9;PLAZA VEA VILLA EL SALVADOR
SPSA.xlsx;20081856;BIOSAL-SAL-LIVIANA-EN-SODIO-FR-125GR;BIOSAL;52;SPSA-PVEA-BRASIL;PLAZA VEA;12;11;PLAZA VEA BRASIL
SPSA.xlsx;20081856;BIOSAL-SAL-LIVIANA-EN-SODIO-FR-125GR;BIOSAL;123;SPSA-PVEA-EL-CHACARERO;PLAZA VEA;6;4;PLAZA VEA EL CHACARERO
SPSA.xlsx;20081856;BIOSAL-SAL-LIVIANA-EN-SODIO-FR-125GR;BIOSAL;142;SPSA-PVEA-CHINCHA;PLAZA VEA;7;11;PLAZA VEA CHINCHA
SPSA.xlsx;20081856;BIOSAL-SAL-LIVIANA-EN-SODIO-FR-125GR;BIOSAL;89;SPSA-PVEA-RISSO;PLAZA VEA;21;16;PLAZA VEA RISSO
SPSA.xlsx;20081856;BIOSAL-SAL-LIVIANA-EN-SODIO-FR-125GR;BIOSAL;290;SPSA-VIVANDA-ASIA;VIVANDA;3;114;VIVANDA ASIA
SPSA.xlsx;20081856;BIOSAL-SAL-LIVIANA-EN-SODIO-FR-125GR;BIOSAL;119;SPSA-PVEA-PUENTE-PIEDRA;PLAZA VEA;1;22;PLAZA VEA PUENTE PIEDRA
SPSA.xlsx;20081856;BIOSAL-SAL-LIVIANA-EN-SODIO-FR-125GR;BIOSAL;68;SPSA-PVEA-PRIMAVERA;PLAZA VEA;11;15;PLAZA VEA PRIMAVERA
SPSA.xlsx;20081856;BIOSAL-SAL-LIVIANA-EN-SODIO-FR-125GR;BIOSAL;769;SPSA-PVEA-CHICLAYO-MALL;PLAZA VEA;11;4;PLAZA VEA CHICLAYO MALL
SPSA.xlsx;20081856;BIOSAL-SAL-LIVIANA-EN-SODIO-FR-125GR;BIOSAL;94;SPSA-VIVANDA-BENAVIDES;VIVANDA;12;15;VIVANDA BENAVIDES
SPSA.xlsx;20081856;BIOSAL-SAL-LIVIANA-EN-SODIO-FR-125GR;BIOSAL;3;PVO-PLAZA-VEA-HUANUCO;PLAZA VEA;6;9;PLAZA VEA HUANUCO
SPSA.xlsx;20081856;BIOSAL-SAL-LIVIANA-EN-SODIO-FR-125GR;BIOSAL;195;SPSA-PVEA-SAN-BORJA;PLAZA VEA;19;8;PLAZA VEA SAN BORJA
SPSA.xlsx;20081856;BIOSAL-SAL-LIVIANA-EN-SODIO-FR-125GR;BIOSAL;225;SPSA-PVEA-CAJAMARCA;PLAZA VEA;16;13;PLAZA VEA CAJAMARCA
SPSA.xlsx;20081856;BIOSAL-SAL-LIVIANA-EN-SODIO-FR-125GR;BIOSAL;134;SPSA-PVEA-CENTRO-CIVICO;PLAZA VEA;7;13;PLAZA VEA CENTRO CIVICO
SPSA.xlsx;20081856;BIOSAL-SAL-LIVIANA-EN-SODIO-FR-125GR;BIOSAL;59;SPSA-PVEA-CALLAO;PLAZA VEA;2;12;PLAZA VEA CALLAO
SPSA.xlsx;20081856;BIOSAL-SAL-LIVIANA-EN-SODIO-FR-125GR;BIOSAL;108;SPSA-PVEA-AYACUCHO;PLAZA VEA;8;3;PLAZA VEA AYACUCHO
SPSA.xlsx;20081856;BIOSAL-SAL-LIVIANA-EN-SODIO-FR-125GR;BIOSAL;224;SPSA-PVEA-BRENA;PLAZA VEA;11;16;PLAZA VEA BRENA
SPSA.xlsx;20081856;BIOSAL-SAL-LIVIANA-EN-SODIO-FR-125GR;BIOSAL;96;SPSA-PVEA-SAN-JORGE;PLAZA VEA;8;11;PLAZA VEA SAN JORGE
SPSA.xlsx;20081856;BIOSAL-SAL-LIVIANA-EN-SODIO-FR-125GR;BIOSAL;105;SPSA-PVEA-SALAMANCA;PLAZA VEA;8;6;PLAZA VEA SALAMANCA
SPSA.xlsx;20081856;BIOSAL-SAL-LIVIANA-EN-SODIO-FR-125GR;BIOSAL;236;SPSA-PVEA-PISCO;PLAZA VEA;16;18;PLAZA VEA PISCO
SPSA.xlsx;20081856;BIOSAL-SAL-LIVIANA-EN-SODIO-FR-125GR;BIOSAL;203;SPSA-PVEA-RIMAC-ALCAZAR;PLAZA VEA;12;13;PLAZA VEA RIMAC ALCAZAR
SPSA.xlsx;20081856;BIOSAL-SAL-LIVIANA-EN-SODIO-FR-125GR;BIOSAL;172;SPSA-PVEA-PUNO;PLAZA VEA;10;30;PLAZA VEA PUNO
SPSA.xlsx;20081856;BIOSAL-SAL-LIVIANA-EN-SODIO-FR-125GR;BIOSAL;223;SPSA-PVEA-CUSCO-ARSOBIZPO;PLAZA VEA;11;8;PLAZA VEA CUSCO ARSOBIZPO
SPSA.xlsx;20081856;BIOSAL-SAL-LIVIANA-EN-SODIO-FR-125GR;BIOSAL;135;SPSA-PVEA-COLONIAL;PLAZA VEA;15;9;PLAZA VEA COLONIAL
SPSA.xlsx;20081856;BIOSAL-SAL-LIVIANA-EN-SODIO-FR-125GR;BIOSAL;48;SPSA-PVEA-HIGUERETA;PLAZA VEA;23;12;PLAZA VEA HIGUERETA
SPSA.xlsx;20081856;BIOSAL-SAL-LIVIANA-EN-SODIO-FR-125GR;BIOSAL;465;SPSA-PVEA-SUCRE;PLAZA VEA;22;12;PLAZA VEA SUCRE
SPSA.xlsx;20081856;BIOSAL-SAL-LIVIANA-EN-SODIO-FR-125GR;BIOSAL;106;SPSA-PVEA-VALLE-HERMOSO;PLAZA VEA;18;9;PLAZA VEA VALLE HERMOSO
SPSA.xlsx;20081856;BIOSAL-SAL-LIVIANA-EN-SODIO-FR-125GR;BIOSAL;1593;SPSA-PLAZA-VEA-AVENTURA-SJL;PLAZA VEA;21;17;PLAZA VEA AVENTURA SJL
SPSA.xlsx;20081856;BIOSAL-SAL-LIVIANA-EN-SODIO-FR-125GR;BIOSAL;130;SPSA-PVEA-CHIMBOTE;PLAZA VEA;10;13;PLAZA VEA CHIMBOTE
SPSA.xlsx;20081856;BIOSAL-SAL-LIVIANA-EN-SODIO-FR-125GR;BIOSAL;102;SPSA-PVEA-CHICLAYO;PLAZA VEA;10;20;PLAZA VEA CHICLAYO
SPSA.xlsx;20081856;BIOSAL-SAL-LIVIANA-EN-SODIO-FR-125GR;BIOSAL;2638;SPSA-PLAZA-VEA-SJB-AYACUCHO;PLAZA VEA;43;17;PLAZA VEA SJB AYACUCHO
SPSA.xlsx;20081856;BIOSAL-SAL-LIVIANA-EN-SODIO-FR-125GR;BIOSAL;724;SPSA-PVEA-TUMBES;PLAZA VEA;4;13;PLAZA VEA TUMBES
SPSA.xlsx;20081856;BIOSAL-SAL-LIVIANA-EN-SODIO-FR-125GR;BIOSAL;61;SPSA-PVEA-CORTIJO;PLAZA VEA;17;9;PLAZA VEA CORTIJO
SPSA.xlsx;20081856;BIOSAL-SAL-LIVIANA-EN-SODIO-FR-125GR;BIOSAL;10;SPSA-PVEA-CAMINOS-DEL-INCA;PLAZA VEA;20;12;PLAZA VEA CAMINOS DEL INCA
SPSA.xlsx;20081856;BIOSAL-SAL-LIVIANA-EN-SODIO-FR-125GR;BIOSAL;1199;SPSA-PVEA-SAN-MIGUEL;PLAZA VEA;16;20;PLAZA VEA SAN MIGUEL
SPSA.xlsx;20081856;BIOSAL-SAL-LIVIANA-EN-SODIO-FR-125GR;BIOSAL;202;SPSA-PVEA-LURIN;PLAZA VEA;6;14;PLAZA VEA LURIN
SPSA.xlsx;20081856;BIOSAL-SAL-LIVIANA-EN-SODIO-FR-125GR;BIOSAL;140;SPSA-VIVANDA-LIBERTADORES;VIVANDA;3;7;VIVANDA LIBERTADORES
SPSA.xlsx;20081856;BIOSAL-SAL-LIVIANA-EN-SODIO-FR-125GR;BIOSAL;333;SPSA-PVEA-PLACITA;PLAZA VEA;5;10;PLAZA VEA PLACITA
SPSA.xlsx;20081856;BIOSAL-SAL-LIVIANA-EN-SODIO-FR-125GR;BIOSAL;2;PVO-PLAZA-VEA-PUCALLPA;PLAZA VEA;22;20;PLAZA VEA PUCALLPA
SPSA.xlsx;20081856;BIOSAL-SAL-LIVIANA-EN-SODIO-FR-125GR;BIOSAL;147;SPSA-PVEA-JULIACA;PLAZA VEA;6;16;PLAZA VEA JULIACA
SPSA.xlsx;20081856;BIOSAL-SAL-LIVIANA-EN-SODIO-FR-125GR;BIOSAL;146;SPSA-PVEA-TACNA;PLAZA VEA;31;4;PLAZA VEA TACNA
SPSA.xlsx;20081856;BIOSAL-SAL-LIVIANA-EN-SODIO-FR-125GR;BIOSAL;125;SPSA-PVEA-SJ-LURIGANCHO;PLAZA VEA;1;55;PLAZA VEA SJ LURIGANCHO
SPSA.xlsx;20081856;BIOSAL-SAL-LIVIANA-EN-SODIO-FR-125GR;BIOSAL;112;SPSA-PVEA-CERES;PLAZA VEA;1;11;PLAZA VEA CERES
SPSA.xlsx;20081856;BIOSAL-SAL-LIVIANA-EN-SODIO-FR-125GR;BIOSAL;723;SPSA-PVEA-PURUCHUCO;PLAZA VEA;14;7;PLAZA VEA PURUCHUCO
SPSA.xlsx;20081856;BIOSAL-SAL-LIVIANA-EN-SODIO-FR-125GR;BIOSAL;118;SPSA-PVEA-ALFONSO-UGARTE;PLAZA VEA;5;11;PLAZA VEA ALFONSO UGARTE
SPSA.xlsx;20081856;BIOSAL-SAL-LIVIANA-EN-SODIO-FR-125GR;BIOSAL;261;SPSA-PVEA-EL-AGUSTINO;PLAZA VEA;2;13;PLAZA VEA EL AGUSTINO
SPSA.xlsx;20081856;BIOSAL-SAL-LIVIANA-EN-SODIO-FR-125GR;BIOSAL;104;SPSA-PVEA-AREQUIPA;PLAZA VEA;14;19;PLAZA VEA AREQUIPA
SPSA.xlsx;20081856;BIOSAL-SAL-LIVIANA-EN-SODIO-FR-125GR;BIOSAL;90;SPSA-VIVANDA-PEZET;VIVANDA;6;5;VIVANDA PEZET
SPSA.xlsx;20081856;BIOSAL-SAL-LIVIANA-EN-SODIO-FR-125GR;BIOSAL;64;SPSA-PVEA-MIRAFLORES;PLAZA VEA;23;11;PLAZA VEA MIRAFLORES
SPSA.xlsx;20081856;BIOSAL-SAL-LIVIANA-EN-SODIO-FR-125GR;BIOSAL;93;SPSA-VIVANDA-DOS-DE-MAYO;VIVANDA;6;6;VIVANDA DOS DE MAYO
SPSA.xlsx;20081856;BIOSAL-SAL-LIVIANA-EN-SODIO-FR-125GR;BIOSAL;143;SPSA-PVEA-NUEVO-CHIMBOTE;PLAZA VEA;6;27;PLAZA VEA NUEVO CHIMBOTE
SPSA.xlsx;20081856;BIOSAL-SAL-LIVIANA-EN-SODIO-FR-125GR;BIOSAL;229;SPSA-PVEA-SALAVERRY;PLAZA VEA;26;11;PLAZA VEA SALAVERRY
SPSA.xlsx;20081856;BIOSAL-SAL-LIVIANA-EN-SODIO-FR-125GR;BIOSAL;84;SPSA-PVEA-COMAS;PLAZA VEA;2;10;PLAZA VEA COMAS
SPSA.xlsx;20081856;BIOSAL-SAL-LIVIANA-EN-SODIO-FR-125GR;BIOSAL;5;PVO-PLAZA-VEA-TARAPOTO;PLAZA VEA;3;26;PLAZA VEA TARAPOTO
SPSA.xlsx;20081856;BIOSAL-SAL-LIVIANA-EN-SODIO-FR-125GR;BIOSAL;262;PVEA-TALARA-MALL;PLAZA VEA;13;6;PLAZA VEA TALARA MALL
SPSA.xlsx;20081856;BIOSAL-SAL-LIVIANA-EN-SODIO-FR-125GR;BIOSAL;114;SPSA-PVEA-PRO;PLAZA VEA;8;12;PLAZA VEA PRO
SPSA.xlsx;20081856;BIOSAL-SAL-LIVIANA-EN-SODIO-FR-125GR;BIOSAL;117;SPSA-PVEA-IZAGUIRRE;PLAZA VEA;9;12;PLAZA VEA IZAGUIRRE
SPSA.xlsx;20081856;BIOSAL-SAL-LIVIANA-EN-SODIO-FR-125GR;BIOSAL;95;SPSA-VIVANDA-MONTERRICO;VIVANDA;7;8;VIVANDA MONTERRICO
SPSA.xlsx;20081856;BIOSAL-SAL-LIVIANA-EN-SODIO-FR-125GR;BIOSAL;192;SPSA-PVEA-SULLANA;PLAZA VEA;8;11;PLAZA VEA SULLANA
SPSA.xlsx;20081856;BIOSAL-SAL-LIVIANA-EN-SODIO-FR-125GR;BIOSAL;81;SPSA-PVEA-LA-MOLINA;PLAZA VEA;17;12;PLAZA VEA LA MOLINA
SPSA.xlsx;20081856;BIOSAL-SAL-LIVIANA-EN-SODIO-FR-125GR;BIOSAL;141;SPSA-PVEA-CHOSICA;PLAZA VEA;4;29;PLAZA VEA CHOSICA
SPSA.xlsx;20081856;BIOSAL-SAL-LIVIANA-EN-SODIO-FR-125GR;BIOSAL;66;SPSA-PVEA-ATE;PLAZA VEA;4;11;PLAZA VEA ATE
SPSA.xlsx;20081856;BIOSAL-SAL-LIVIANA-EN-SODIO-FR-125GR;BIOSAL;516;SPSA-PVEA-COSTANERA-ILO;PLAZA VEA;8;20;PLAZA VEA COSTANERA ILO
SPSA.xlsx;20081856;BIOSAL-SAL-LIVIANA-EN-SODIO-FR-125GR;BIOSAL;291;SPSA-PVEA-LA-CURVA;PLAZA VEA;7;6;PLAZA VEA LA CURVA
SPSA.xlsx;20081856;BIOSAL-SAL-LIVIANA-EN-SODIO-FR-125GR;BIOSAL;126;SPSA-PVEA-SANTA-CLARA;PLAZA VEA;4;10;PLAZA VEA SANTA CLARA
SPSA.xlsx;20081856;BIOSAL-SAL-LIVIANA-EN-SODIO-FR-125GR;BIOSAL;1;SPSA-PVEA-LOS-OLIVOS;PLAZA VEA;15;16;PLAZA VEA LOS OLIVOS
SPSA.xlsx;20081856;BIOSAL-SAL-LIVIANA-EN-SODIO-FR-125GR;BIOSAL;115;SPSA-PVEA-HUANCAYO;PLAZA VEA;0;11;PLAZA VEA HUANCAYO
SPSA.xlsx;20081856;BIOSAL-SAL-LIVIANA-EN-SODIO-FR-125GR;BIOSAL;226;SPSA-PVEA-PAITA;PLAZA VEA;0;53;PLAZA VEA PAITA
SPSA.xlsx;20081856;BIOSAL-SAL-LIVIANA-EN-SODIO-FR-125GR;BIOSAL;259;PVEA-MOQUEGUA;PLAZA VEA;0;13;PLAZA VEA MOQUEGUA
SPSA.xlsx;20081856;BIOSAL-SAL-LIVIANA-EN-SODIO-FR-125GR;BIOSAL;917;SPSA-CD-PUNTA-NEGRA;CD;0;-630;CD PUNTA NEGRA
SPSA.xlsx;20506885;MAILLE-MOSTAZA-A-LA-MIEL-SQ-FR-285G;MAILLE;61;SPSA-PVEA-CORTIJO;PLAZA VEA;4;9;PLAZA VEA CORTIJO
SPSA.xlsx;20506885;MAILLE-MOSTAZA-A-LA-MIEL-SQ-FR-285G;MAILLE;109;SPSA-PVEA-DASSO;PLAZA VEA;6;11;PLAZA VEA DASSO
SPSA.xlsx;20506885;MAILLE-MOSTAZA-A-LA-MIEL-SQ-FR-285G;MAILLE;465;SPSA-PVEA-SUCRE;PLAZA VEA;4;13;PLAZA VEA SUCRE
SPSA.xlsx;20506885;MAILLE-MOSTAZA-A-LA-MIEL-SQ-FR-285G;MAILLE;37;SPSA-PVEA-JOCKEY;PLAZA VEA;2;12;PLAZA VEA JOCKEY
SPSA.xlsx;20506885;MAILLE-MOSTAZA-A-LA-MIEL-SQ-FR-285G;MAILLE;10;SPSA-PVEA-CAMINOS-DEL-INCA;PLAZA VEA;7;15;PLAZA VEA CAMINOS DEL INCA
SPSA.xlsx;20506885;MAILLE-MOSTAZA-A-LA-MIEL-SQ-FR-285G;MAILLE;195;SPSA-PVEA-SAN-BORJA;PLAZA VEA;1;12;PLAZA VEA SAN BORJA
SPSA.xlsx;20506885;MAILLE-MOSTAZA-A-LA-MIEL-SQ-FR-285G;MAILLE;48;SPSA-PVEA-HIGUERETA;PLAZA VEA;1;13;PLAZA VEA HIGUERETA
SPSA.xlsx;20506885;MAILLE-MOSTAZA-A-LA-MIEL-SQ-FR-285G;MAILLE;95;SPSA-VIVANDA-MONTERRICO;VIVANDA;3;15;VIVANDA MONTERRICO
SPSA.xlsx;20506885;MAILLE-MOSTAZA-A-LA-MIEL-SQ-FR-285G;MAILLE;227;SPSA-PVEA-SAN-ISIDRO;PLAZA VEA;1;11;PLAZA VEA SAN ISIDRO
SPSA.xlsx;20506885;MAILLE-MOSTAZA-A-LA-MIEL-SQ-FR-285G;MAILLE;93;SPSA-VIVANDA-DOS-DE-MAYO;VIVANDA;1;18;VIVANDA DOS DE MAYO
SPSA.xlsx;20506885;MAILLE-MOSTAZA-A-LA-MIEL-SQ-FR-285G;MAILLE;90;SPSA-VIVANDA-PEZET;VIVANDA;9;13;VIVANDA PEZET
SPSA.xlsx;20506885;MAILLE-MOSTAZA-A-LA-MIEL-SQ-FR-285G;MAILLE;94;SPSA-VIVANDA-BENAVIDES;VIVANDA;5;10;VIVANDA BENAVIDES
SPSA.xlsx;20506885;MAILLE-MOSTAZA-A-LA-MIEL-SQ-FR-285G;MAILLE;81;SPSA-PVEA-LA-MOLINA;PLAZA VEA;3;10;PLAZA VEA LA MOLINA
SPSA.xlsx;20506885;MAILLE-MOSTAZA-A-LA-MIEL-SQ-FR-285G;MAILLE;106;SPSA-PVEA-VALLE-HERMOSO;PLAZA VEA;4;13;PLAZA VEA VALLE HERMOSO
SPSA.xlsx;20506885;MAILLE-MOSTAZA-A-LA-MIEL-SQ-FR-285G;MAILLE;110;SPSA-PVEA-CORPAC;PLAZA VEA;2;10;PLAZA VEA CORPAC
SPSA.xlsx;20506885;MAILLE-MOSTAZA-A-LA-MIEL-SQ-FR-285G;MAILLE;229;SPSA-PVEA-SALAVERRY;PLAZA VEA;9;14;PLAZA VEA SALAVERRY
SPSA.xlsx;20506885;MAILLE-MOSTAZA-A-LA-MIEL-SQ-FR-285G;MAILLE;64;SPSA-PVEA-MIRAFLORES;PLAZA VEA;1;11;PLAZA VEA MIRAFLORES
SPSA.xlsx;20506885;MAILLE-MOSTAZA-A-LA-MIEL-SQ-FR-285G;MAILLE;140;SPSA-VIVANDA-LIBERTADORES;VIVANDA;8;10;VIVANDA LIBERTADORES
SPSA.xlsx;20506885;MAILLE-MOSTAZA-A-LA-MIEL-SQ-FR-285G;MAILLE;139;SPSA-PVEA-ALAMEDA-SUR;PLAZA VEA;1;13;PLAZA VEA ALAMEDA SUR
SPSA.xlsx;20506885;MAILLE-MOSTAZA-A-LA-MIEL-SQ-FR-285G;MAILLE;917;SPSA-CD-PUNTA-NEGRA;CD;0;8;CD PUNTA NEGRA
SPSA.xlsx;20506885;MAILLE-MOSTAZA-A-LA-MIEL-SQ-FR-285G;MAILLE;80;SPSA-PVEA-LA-BOLICHERA;PLAZA VEA;0;14;PLAZA VEA LA BOLICHERA
SPSA.xlsx;20506885;MAILLE-MOSTAZA-A-LA-MIEL-SQ-FR-285G;MAILLE;290;SPSA-VIVANDA-ASIA;VIVANDA;0;24;VIVANDA ASIA
SPSA.xlsx;20010537;BADIA-ALBAHACA-FR-21-30-GR;BADIA;90;SPSA-VIVANDA-PEZET;VIVANDA;9;7;VIVANDA PEZET
SPSA.xlsx;20010537;BADIA-ALBAHACA-FR-21-30-GR;BADIA;227;SPSA-PVEA-SAN-ISIDRO;PLAZA VEA;5;16;PLAZA VEA SAN ISIDRO
SPSA.xlsx;20010537;BADIA-ALBAHACA-FR-21-30-GR;BADIA;290;SPSA-VIVANDA-ASIA;VIVANDA;1;15;VIVANDA ASIA
SPSA.xlsx;20010537;BADIA-ALBAHACA-FR-21-30-GR;BADIA;81;SPSA-PVEA-LA-MOLINA;PLAZA VEA;7;16;PLAZA VEA LA MOLINA
SPSA.xlsx;20010537;BADIA-ALBAHACA-FR-21-30-GR;BADIA;61;SPSA-PVEA-CORTIJO;PLAZA VEA;12;10;PLAZA VEA CORTIJO
SPSA.xlsx;20010537;BADIA-ALBAHACA-FR-21-30-GR;BADIA;106;SPSA-PVEA-VALLE-HERMOSO;PLAZA VEA;5;18;PLAZA VEA VALLE HERMOSO
SPSA.xlsx;20010537;BADIA-ALBAHACA-FR-21-30-GR;BADIA;64;SPSA-PVEA-MIRAFLORES;PLAZA VEA;10;15;PLAZA VEA MIRAFLORES
SPSA.xlsx;20010537;BADIA-ALBAHACA-FR-21-30-GR;BADIA;94;SPSA-VIVANDA-BENAVIDES;VIVANDA;3;9;VIVANDA BENAVIDES
SPSA.xlsx;20010537;BADIA-ALBAHACA-FR-21-30-GR;BADIA;195;SPSA-PVEA-SAN-BORJA;PLAZA VEA;7;4;PLAZA VEA SAN BORJA
SPSA.xlsx;20010537;BADIA-ALBAHACA-FR-21-30-GR;BADIA;93;SPSA-VIVANDA-DOS-DE-MAYO;VIVANDA;4;15;VIVANDA DOS DE MAYO
SPSA.xlsx;20010537;BADIA-ALBAHACA-FR-21-30-GR;BADIA;95;SPSA-VIVANDA-MONTERRICO;VIVANDA;3;23;VIVANDA MONTERRICO
SPSA.xlsx;20010537;BADIA-ALBAHACA-FR-21-30-GR;BADIA;109;SPSA-PVEA-DASSO;PLAZA VEA;7;14;PLAZA VEA DASSO
SPSA.xlsx;20010537;BADIA-ALBAHACA-FR-21-30-GR;BADIA;10;SPSA-PVEA-CAMINOS-DEL-INCA;PLAZA VEA;17;23;PLAZA VEA CAMINOS DEL INCA
SPSA.xlsx;20010537;BADIA-ALBAHACA-FR-21-30-GR;BADIA;140;SPSA-VIVANDA-LIBERTADORES;VIVANDA;5;9;VIVANDA LIBERTADORES
SPSA.xlsx;20506845;MAILLE-SALSA-DIJONNAISE-FR-185G;MAILLE;37;SPSA-PVEA-JOCKEY;PLAZA VEA;3;11;PLAZA VEA JOCKEY
SPSA.xlsx;20506845;MAILLE-SALSA-DIJONNAISE-FR-185G;MAILLE;229;SPSA-PVEA-SALAVERRY;PLAZA VEA;4;11;PLAZA VEA SALAVERRY
SPSA.xlsx;20506845;MAILLE-SALSA-DIJONNAISE-FR-185G;MAILLE;227;SPSA-PVEA-SAN-ISIDRO;PLAZA VEA;1;9;PLAZA VEA SAN ISIDRO
SPSA.xlsx;20506845;MAILLE-SALSA-DIJONNAISE-FR-185G;MAILLE;110;SPSA-PVEA-CORPAC;PLAZA VEA;1;10;PLAZA VEA CORPAC
SPSA.xlsx;20506845;MAILLE-SALSA-DIJONNAISE-FR-185G;MAILLE;61;SPSA-PVEA-CORTIJO;PLAZA VEA;2;13;PLAZA VEA CORTIJO
SPSA.xlsx;20506845;MAILLE-SALSA-DIJONNAISE-FR-185G;MAILLE;94;SPSA-VIVANDA-BENAVIDES;VIVANDA;3;10;VIVANDA BENAVIDES
SPSA.xlsx;20506845;MAILLE-SALSA-DIJONNAISE-FR-185G;MAILLE;90;SPSA-VIVANDA-PEZET;VIVANDA;16;5;VIVANDA PEZET
SPSA.xlsx;20506845;MAILLE-SALSA-DIJONNAISE-FR-185G;MAILLE;81;SPSA-PVEA-LA-MOLINA;PLAZA VEA;1;8;PLAZA VEA LA MOLINA
SPSA.xlsx;20506845;MAILLE-SALSA-DIJONNAISE-FR-185G;MAILLE;95;SPSA-VIVANDA-MONTERRICO;VIVANDA;6;17;VIVANDA MONTERRICO
SPSA.xlsx;20506845;MAILLE-SALSA-DIJONNAISE-FR-185G;MAILLE;64;SPSA-PVEA-MIRAFLORES;PLAZA VEA;4;11;PLAZA VEA MIRAFLORES
SPSA.xlsx;20506845;MAILLE-SALSA-DIJONNAISE-FR-185G;MAILLE;139;SPSA-PVEA-ALAMEDA-SUR;PLAZA VEA;3;11;PLAZA VEA ALAMEDA SUR
SPSA.xlsx;20506845;MAILLE-SALSA-DIJONNAISE-FR-185G;MAILLE;465;SPSA-PVEA-SUCRE;PLAZA VEA;2;13;PLAZA VEA SUCRE
SPSA.xlsx;20506845;MAILLE-SALSA-DIJONNAISE-FR-185G;MAILLE;140;SPSA-VIVANDA-LIBERTADORES;VIVANDA;4;13;VIVANDA LIBERTADORES
SPSA.xlsx;20506845;MAILLE-SALSA-DIJONNAISE-FR-185G;MAILLE;106;SPSA-PVEA-VALLE-HERMOSO;PLAZA VEA;1;9;PLAZA VEA VALLE HERMOSO
SPSA.xlsx;20506845;MAILLE-SALSA-DIJONNAISE-FR-185G;MAILLE;93;SPSA-VIVANDA-DOS-DE-MAYO;VIVANDA;4;14;VIVANDA DOS DE MAYO
SPSA.xlsx;20506845;MAILLE-SALSA-DIJONNAISE-FR-185G;MAILLE;109;SPSA-PVEA-DASSO;PLAZA VEA;7;7;PLAZA VEA DASSO
SPSA.xlsx;20506845;MAILLE-SALSA-DIJONNAISE-FR-185G;MAILLE;10;SPSA-PVEA-CAMINOS-DEL-INCA;PLAZA VEA;4;10;PLAZA VEA CAMINOS DEL INCA
SPSA.xlsx;20506845;MAILLE-SALSA-DIJONNAISE-FR-185G;MAILLE;48;SPSA-PVEA-HIGUERETA;PLAZA VEA;0;10;PLAZA VEA HIGUERETA
SPSA.xlsx;20506845;MAILLE-SALSA-DIJONNAISE-FR-185G;MAILLE;195;SPSA-PVEA-SAN-BORJA;PLAZA VEA;0;12;PLAZA VEA SAN BORJA
SPSA.xlsx;20506845;MAILLE-SALSA-DIJONNAISE-FR-185G;MAILLE;290;SPSA-VIVANDA-ASIA;VIVANDA;0;18;VIVANDA ASIA
SPSA.xlsx;20506845;MAILLE-SALSA-DIJONNAISE-FR-185G;MAILLE;80;SPSA-PVEA-LA-BOLICHERA;PLAZA VEA;0;11;PLAZA VEA LA BOLICHERA
SPSA.xlsx;20010485;BADIA-OREGANO-ENTERO-FR-14-20-GR;BADIA;114;SPSA-PVEA-PRO;PLAZA VEA;4;14;PLAZA VEA PRO
SPSA.xlsx;20010485;BADIA-OREGANO-ENTERO-FR-14-20-GR;BADIA;227;SPSA-PVEA-SAN-ISIDRO;PLAZA VEA;16;6;PLAZA VEA SAN ISIDRO
SPSA.xlsx;20010485;BADIA-OREGANO-ENTERO-FR-14-20-GR;BADIA;145;SPSA-PVEA-PIURA;PLAZA VEA;12;24;PLAZA VEA PIURA
SPSA.xlsx;20010485;BADIA-OREGANO-ENTERO-FR-14-20-GR;BADIA;94;SPSA-VIVANDA-BENAVIDES;VIVANDA;6;11;VIVANDA BENAVIDES
SPSA.xlsx;20010485;BADIA-OREGANO-ENTERO-FR-14-20-GR;BADIA;66;SPSA-PVEA-ATE;PLAZA VEA;3;13;PLAZA VEA ATE
SPSA.xlsx;20010485;BADIA-OREGANO-ENTERO-FR-14-20-GR;BADIA;262;PVEA-TALARA-MALL;PLAZA VEA;2;27;PLAZA VEA TALARA MALL
SPSA.xlsx;20010485;BADIA-OREGANO-ENTERO-FR-14-20-GR;BADIA;225;SPSA-PVEA-CAJAMARCA;PLAZA VEA;8;26;PLAZA VEA CAJAMARCA
SPSA.xlsx;20010485;BADIA-OREGANO-ENTERO-FR-14-20-GR;BADIA;108;SPSA-PVEA-AYACUCHO;PLAZA VEA;7;12;PLAZA VEA AYACUCHO
SPSA.xlsx;20010485;BADIA-OREGANO-ENTERO-FR-14-20-GR;BADIA;223;SPSA-PVEA-CUSCO-ARSOBIZPO;PLAZA VEA;1;22;PLAZA VEA CUSCO ARSOBIZPO
SPSA.xlsx;20010485;BADIA-OREGANO-ENTERO-FR-14-20-GR;BADIA;119;SPSA-PVEA-PUENTE-PIEDRA;PLAZA VEA;4;15;PLAZA VEA PUENTE PIEDRA
SPSA.xlsx;20010485;BADIA-OREGANO-ENTERO-FR-14-20-GR;BADIA;122;SPSA-PVEA-ICA;PLAZA VEA;8;24;PLAZA VEA ICA
SPSA.xlsx;20010485;BADIA-OREGANO-ENTERO-FR-14-20-GR;BADIA;90;SPSA-VIVANDA-PEZET;VIVANDA;7;15;VIVANDA PEZET
SPSA.xlsx;20010485;BADIA-OREGANO-ENTERO-FR-14-20-GR;BADIA;769;SPSA-PVEA-CHICLAYO-MALL;PLAZA VEA;9;17;PLAZA VEA CHICLAYO MALL
SPSA.xlsx;20010485;BADIA-OREGANO-ENTERO-FR-14-20-GR;BADIA;3;PVO-PLAZA-VEA-HUANUCO;PLAZA VEA;8;20;PLAZA VEA HUANUCO
SPSA.xlsx;20010485;BADIA-OREGANO-ENTERO-FR-14-20-GR;BADIA;2;PVO-PLAZA-VEA-PUCALLPA;PLAZA VEA;8;15;PLAZA VEA PUCALLPA
SPSA.xlsx;20010485;BADIA-OREGANO-ENTERO-FR-14-20-GR;BADIA;109;SPSA-PVEA-DASSO;PLAZA VEA;22;12;PLAZA VEA DASSO
SPSA.xlsx;20010485;BADIA-OREGANO-ENTERO-FR-14-20-GR;BADIA;125;SPSA-PVEA-SJ-LURIGANCHO;PLAZA VEA;2;14;PLAZA VEA SJ LURIGANCHO
SPSA.xlsx;20010485;BADIA-OREGANO-ENTERO-FR-14-20-GR;BADIA;2638;SPSA-PLAZA-VEA-SJB-AYACUCHO;PLAZA VEA;16;24;PLAZA VEA SJB AYACUCHO
SPSA.xlsx;20010485;BADIA-OREGANO-ENTERO-FR-14-20-GR;BADIA;64;SPSA-PVEA-MIRAFLORES;PLAZA VEA;14;10;PLAZA VEA MIRAFLORES
SPSA.xlsx;20010485;BADIA-OREGANO-ENTERO-FR-14-20-GR;BADIA;259;PVEA-MOQUEGUA;PLAZA VEA;3;16;PLAZA VEA MOQUEGUA
SPSA.xlsx;20010485;BADIA-OREGANO-ENTERO-FR-14-20-GR;BADIA;68;SPSA-PVEA-PRIMAVERA;PLAZA VEA;8;14;PLAZA VEA PRIMAVERA
SPSA.xlsx;20010485;BADIA-OREGANO-ENTERO-FR-14-20-GR;BADIA;95;SPSA-VIVANDA-MONTERRICO;VIVANDA;17;33;VIVANDA MONTERRICO
SPSA.xlsx;20010485;BADIA-OREGANO-ENTERO-FR-14-20-GR;BADIA;465;SPSA-PVEA-SUCRE;PLAZA VEA;20;9;PLAZA VEA SUCRE
SPSA.xlsx;20010485;BADIA-OREGANO-ENTERO-FR-14-20-GR;BADIA;291;SPSA-PVEA-LA-CURVA;PLAZA VEA;6;10;PLAZA VEA LA CURVA
SPSA.xlsx;20010485;BADIA-OREGANO-ENTERO-FR-14-20-GR;BADIA;290;SPSA-VIVANDA-ASIA;VIVANDA;6;19;VIVANDA ASIA
SPSA.xlsx;20010485;BADIA-OREGANO-ENTERO-FR-14-20-GR;BADIA;117;SPSA-PVEA-IZAGUIRRE;PLAZA VEA;5;11;PLAZA VEA IZAGUIRRE
SPSA.xlsx;20010485;BADIA-OREGANO-ENTERO-FR-14-20-GR;BADIA;81;SPSA-PVEA-LA-MOLINA;PLAZA VEA;11;17;PLAZA VEA LA MOLINA
SPSA.xlsx;20010485;BADIA-OREGANO-ENTERO-FR-14-20-GR;BADIA;1199;SPSA-PVEA-SAN-MIGUEL;PLAZA VEA;10;11;PLAZA VEA SAN MIGUEL
SPSA.xlsx;20010485;BADIA-OREGANO-ENTERO-FR-14-20-GR;BADIA;724;SPSA-PVEA-TUMBES;PLAZA VEA;6;23;PLAZA VEA TUMBES
SPSA.xlsx;20010485;BADIA-OREGANO-ENTERO-FR-14-20-GR;BADIA;224;SPSA-PVEA-BRENA;PLAZA VEA;11;13;PLAZA VEA BRENA
SPSA.xlsx;20010485;BADIA-OREGANO-ENTERO-FR-14-20-GR;BADIA;133;SPSA-PVEA-GUARDIA-CIVIL;PLAZA VEA;10;11;PLAZA VEA GUARDIA CIVIL
SPSA.xlsx;20010485;BADIA-OREGANO-ENTERO-FR-14-20-GR;BADIA;5;PVO-PLAZA-VEA-TARAPOTO;PLAZA VEA;10;16;PLAZA VEA TARAPOTO
SPSA.xlsx;20010485;BADIA-OREGANO-ENTERO-FR-14-20-GR;BADIA;61;SPSA-PVEA-CORTIJO;PLAZA VEA;23;13;PLAZA VEA CORTIJO
SPSA.xlsx;20010485;BADIA-OREGANO-ENTERO-FR-14-20-GR;BADIA;123;SPSA-PVEA-EL-CHACARERO;PLAZA VEA;9;16;PLAZA VEA EL CHACARERO
SPSA.xlsx;20010485;BADIA-OREGANO-ENTERO-FR-14-20-GR;BADIA;139;SPSA-PVEA-ALAMEDA-SUR;PLAZA VEA;8;8;PLAZA VEA ALAMEDA SUR
SPSA.xlsx;20010485;BADIA-OREGANO-ENTERO-FR-14-20-GR;BADIA;48;SPSA-PVEA-HIGUERETA;PLAZA VEA;16;14;PLAZA VEA HIGUERETA
SPSA.xlsx;20010485;BADIA-OREGANO-ENTERO-FR-14-20-GR;BADIA;102;SPSA-PVEA-CHICLAYO;PLAZA VEA;15;20;PLAZA VEA CHICLAYO
SPSA.xlsx;20010485;BADIA-OREGANO-ENTERO-FR-14-20-GR;BADIA;146;SPSA-PVEA-TACNA;PLAZA VEA;6;21;PLAZA VEA TACNA
SPSA.xlsx;20010485;BADIA-OREGANO-ENTERO-FR-14-20-GR;BADIA;4;PVO-PLAZA-VEA-JAEN;PLAZA VEA;6;18;PLAZA VEA JAEN
SPSA.xlsx;20010485;BADIA-OREGANO-ENTERO-FR-14-20-GR;BADIA;147;SPSA-PVEA-JULIACA;PLAZA VEA;6;24;PLAZA VEA JULIACA
SPSA.xlsx;20010485;BADIA-OREGANO-ENTERO-FR-14-20-GR;BADIA;93;SPSA-VIVANDA-DOS-DE-MAYO;VIVANDA;7;17;VIVANDA DOS DE MAYO
SPSA.xlsx;20010485;BADIA-OREGANO-ENTERO-FR-14-20-GR;BADIA;333;SPSA-PVEA-PLACITA;PLAZA VEA;6;12;PLAZA VEA PLACITA
SPSA.xlsx;20010485;BADIA-OREGANO-ENTERO-FR-14-20-GR;BADIA;120;SPSA-PVEA-UNIVERSITARIA;PLAZA VEA;2;12;PLAZA VEA UNIVERSITARIA
SPSA.xlsx;20010485;BADIA-OREGANO-ENTERO-FR-14-20-GR;BADIA;229;SPSA-PVEA-SALAVERRY;PLAZA VEA;15;10;PLAZA VEA SALAVERRY
SPSA.xlsx;20010485;BADIA-OREGANO-ENTERO-FR-14-20-GR;BADIA;10;SPSA-PVEA-CAMINOS-DEL-INCA;PLAZA VEA;30;14;PLAZA VEA CAMINOS DEL INCA
SPSA.xlsx;20010485;BADIA-OREGANO-ENTERO-FR-14-20-GR;BADIA;140;SPSA-VIVANDA-LIBERTADORES;VIVANDA;10;15;VIVANDA LIBERTADORES
SPSA.xlsx;20010485;BADIA-OREGANO-ENTERO-FR-14-20-GR;BADIA;723;SPSA-PVEA-PURUCHUCO;PLAZA VEA;6;10;PLAZA VEA PURUCHUCO
SPSA.xlsx;20010485;BADIA-OREGANO-ENTERO-FR-14-20-GR;BADIA;37;SPSA-PVEA-JOCKEY;PLAZA VEA;5;15;PLAZA VEA JOCKEY
SPSA.xlsx;20010485;BADIA-OREGANO-ENTERO-FR-14-20-GR;BADIA;195;SPSA-PVEA-SAN-BORJA;PLAZA VEA;16;15;PLAZA VEA SAN BORJA
SPSA.xlsx;20010485;BADIA-OREGANO-ENTERO-FR-14-20-GR;BADIA;104;SPSA-PVEA-AREQUIPA;PLAZA VEA;3;23;PLAZA VEA AREQUIPA
SPSA.xlsx;20010485;BADIA-OREGANO-ENTERO-FR-14-20-GR;BADIA;516;SPSA-PVEA-COSTANERA-ILO;PLAZA VEA;2;31;PLAZA VEA COSTANERA ILO
SPSA.xlsx;20010485;BADIA-OREGANO-ENTERO-FR-14-20-GR;BADIA;202;SPSA-PVEA-LURIN;PLAZA VEA;10;13;PLAZA VEA LURIN
SPSA.xlsx;20010485;BADIA-OREGANO-ENTERO-FR-14-20-GR;BADIA;84;SPSA-PVEA-COMAS;PLAZA VEA;3;17;PLAZA VEA COMAS
SPSA.xlsx;20010485;BADIA-OREGANO-ENTERO-FR-14-20-GR;BADIA;80;SPSA-PVEA-LA-BOLICHERA;PLAZA VEA;14;17;PLAZA VEA LA MOLINA
SPSA.xlsx;20010485;BADIA-OREGANO-ENTERO-FR-14-20-GR;BADIA;231;SPSA-PVEA-VENTANILLA;PLAZA VEA;4;8;PLAZA VEA VENTANILLA
SPSA.xlsx;20010485;BADIA-OREGANO-ENTERO-FR-14-20-GR;BADIA;2637;SPSA-PLAZA-VEA-TARAPOTO-2;PLAZA VEA;14;32;PLAZA VEA TARAPOTO 2
SPSA.xlsx;20010485;BADIA-OREGANO-ENTERO-FR-14-20-GR;BADIA;115;SPSA-PVEA-HUANCAYO;PLAZA VEA;0;8;PLAZA VEA HUANCAYO
SPSA.xlsx;20010485;BADIA-OREGANO-ENTERO-FR-14-20-GR;BADIA;106;SPSA-PVEA-VALLE-HERMOSO;PLAZA VEA;0;11;PLAZA VEA VALLE HERMOSO
SPSA.xlsx;20010485;BADIA-OREGANO-ENTERO-FR-14-20-GR;BADIA;126;SPSA-PVEA-SANTA-CLARA;PLAZA VEA;0;11;PLAZA VEA SANTA CLARA
SPSA.xlsx;20010485;BADIA-OREGANO-ENTERO-FR-14-20-GR;BADIA;917;SPSA-CD-PUNTA-NEGRA;CD;0;-224;CD PUNTA NEGRA
SPSA.xlsx;20112657;LOBOS-SAL-FINA-SAL-DE-MESA-PET125GR;LOBOS;225;SPSA-PVEA-CAJAMARCA;PLAZA VEA;8;17;PLAZA VEA CAJAMARCA
SPSA.xlsx;20112657;LOBOS-SAL-FINA-SAL-DE-MESA-PET125GR;LOBOS;290;SPSA-VIVANDA-ASIA;VIVANDA;14;32;VIVANDA ASIA
SPSA.xlsx;20112657;LOBOS-SAL-FINA-SAL-DE-MESA-PET125GR;LOBOS;81;SPSA-PVEA-LA-MOLINA;PLAZA VEA;32;17;PLAZA VEA LA MOLINA
SPSA.xlsx;20112657;LOBOS-SAL-FINA-SAL-DE-MESA-PET125GR;LOBOS;229;SPSA-PVEA-SALAVERRY;PLAZA VEA;80;27;PLAZA VEA SALAVERRY
SPSA.xlsx;20112657;LOBOS-SAL-FINA-SAL-DE-MESA-PET125GR;LOBOS;107;SPSA-PVEA-MERCADERES;PLAZA VEA;30;20;PLAZA VEA MERCADERES
SPSA.xlsx;20112657;LOBOS-SAL-FINA-SAL-DE-MESA-PET125GR;LOBOS;114;SPSA-PVEA-PRO;PLAZA VEA;25;24;PLAZA VEA PRO
SPSA.xlsx;20112657;LOBOS-SAL-FINA-SAL-DE-MESA-PET125GR;LOBOS;223;SPSA-PVEA-CUSCO-ARSOBIZPO;PLAZA VEA;51;26;PLAZA VEA CUSCO ARSOBIZPO
SPSA.xlsx;20112657;LOBOS-SAL-FINA-SAL-DE-MESA-PET125GR;LOBOS;96;SPSA-PVEA-SAN-JORGE;PLAZA VEA;30;15;PLAZA VEA SAN JORGE
SPSA.xlsx;20112657;LOBOS-SAL-FINA-SAL-DE-MESA-PET125GR;LOBOS;135;SPSA-PVEA-COLONIAL;PLAZA VEA;19;15;PLAZA VEA COLONIAL
SPSA.xlsx;20112657;LOBOS-SAL-FINA-SAL-DE-MESA-PET125GR;LOBOS;516;SPSA-PVEA-COSTANERA-ILO;PLAZA VEA;46;13;PLAZA VEA COSTANERA ILO
SPSA.xlsx;20112657;LOBOS-SAL-FINA-SAL-DE-MESA-PET125GR;LOBOS;2638;SPSA-PLAZA-VEA-SJB-AYACUCHO;PLAZA VEA;49;41;PLAZA VEA SJB AYACUCHO
SPSA.xlsx;20112657;LOBOS-SAL-FINA-SAL-DE-MESA-PET125GR;LOBOS;203;SPSA-PVEA-RIMAC-ALCAZAR;PLAZA VEA;27;18;PLAZA VEA RIMAC ALCAZAR
SPSA.xlsx;20112657;LOBOS-SAL-FINA-SAL-DE-MESA-PET125GR;LOBOS;146;SPSA-PVEA-TACNA;PLAZA VEA;69;22;PLAZA VEA TACNA
SPSA.xlsx;20112657;LOBOS-SAL-FINA-SAL-DE-MESA-PET125GR;LOBOS;110;SPSA-PVEA-CORPAC;PLAZA VEA;19;17;PLAZA VEA CORPAC
SPSA.xlsx;20112657;LOBOS-SAL-FINA-SAL-DE-MESA-PET125GR;LOBOS;104;SPSA-PVEA-AREQUIPA;PLAZA VEA;25;10;PLAZA VEA AREQUIPA
SPSA.xlsx;20112657;LOBOS-SAL-FINA-SAL-DE-MESA-PET125GR;LOBOS;180;SPSA-PVEA-CENTRO-TRUJILLO;PLAZA VEA;10;9;PLAZA VEA CENTRO TRUJILLO
SPSA.xlsx;20112657;LOBOS-SAL-FINA-SAL-DE-MESA-PET125GR;LOBOS;227;SPSA-PVEA-SAN-ISIDRO;PLAZA VEA;42;21;PLAZA VEA SAN ISIDRO
SPSA.xlsx;20112657;LOBOS-SAL-FINA-SAL-DE-MESA-PET125GR;LOBOS;195;SPSA-PVEA-SAN-BORJA;PLAZA VEA;52;10;PLAZA VEA SAN BORJA
SPSA.xlsx;20112657;LOBOS-SAL-FINA-SAL-DE-MESA-PET125GR;LOBOS;139;SPSA-PVEA-ALAMEDA-SUR;PLAZA VEA;24;23;PLAZA VEA ALAMEDA SUR
SPSA.xlsx;20112657;LOBOS-SAL-FINA-SAL-DE-MESA-PET125GR;LOBOS;1;SPSA-PVEA-LOS-OLIVOS;PLAZA VEA;28;33;PLAZA VEA LOS OLIVOS
SPSA.xlsx;20112657;LOBOS-SAL-FINA-SAL-DE-MESA-PET125GR;LOBOS;123;SPSA-PVEA-EL-CHACARERO;PLAZA VEA;17;9;PLAZA VEA EL CHACARERO
SPSA.xlsx;20112657;LOBOS-SAL-FINA-SAL-DE-MESA-PET125GR;LOBOS;1199;SPSA-PVEA-SAN-MIGUEL;PLAZA VEA;64;23;PLAZA VEA SAN MIGUEL
SPSA.xlsx;20112657;LOBOS-SAL-FINA-SAL-DE-MESA-PET125GR;LOBOS;125;SPSA-PVEA-SJ-LURIGANCHO;PLAZA VEA;13;21;PLAZA VEA SJ LURIGANCHO
SPSA.xlsx;20112657;LOBOS-SAL-FINA-SAL-DE-MESA-PET125GR;LOBOS;215;SPSA-PVEA-MAGDALENA;PLAZA VEA;26;26;PLAZA VEA MAGDALENA
SPSA.xlsx;20112657;LOBOS-SAL-FINA-SAL-DE-MESA-PET125GR;LOBOS;102;SPSA-PVEA-CHICLAYO;PLAZA VEA;27;16;PLAZA VEA CHICLAYO
SPSA.xlsx;20112657;LOBOS-SAL-FINA-SAL-DE-MESA-PET125GR;LOBOS;117;SPSA-PVEA-IZAGUIRRE;PLAZA VEA;27;22;PLAZA VEA IZAGUIRRE
SPSA.xlsx;20112657;LOBOS-SAL-FINA-SAL-DE-MESA-PET125GR;LOBOS;143;SPSA-PVEA-NUEVO-CHIMBOTE;PLAZA VEA;21;9;PLAZA VEA NUEVO CHIMBOTE
SPSA.xlsx;20112657;LOBOS-SAL-FINA-SAL-DE-MESA-PET125GR;LOBOS;3;PVO-PLAZA-VEA-HUANUCO;PLAZA VEA;30;20;PLAZA VEA HUANUCO
SPSA.xlsx;20112657;LOBOS-SAL-FINA-SAL-DE-MESA-PET125GR;LOBOS;231;SPSA-PVEA-VENTANILLA;PLAZA VEA;29;12;PLAZA VEA VENTANILLA
SPSA.xlsx;20112657;LOBOS-SAL-FINA-SAL-DE-MESA-PET125GR;LOBOS;48;SPSA-PVEA-HIGUERETA;PLAZA VEA;43;23;PLAZA VEA HIGUERETA
SPSA.xlsx;20112657;LOBOS-SAL-FINA-SAL-DE-MESA-PET125GR;LOBOS;147;SPSA-PVEA-JULIACA;PLAZA VEA;28;10;PLAZA VEA JULIACA
SPSA.xlsx;20112657;LOBOS-SAL-FINA-SAL-DE-MESA-PET125GR;LOBOS;259;PVEA-MOQUEGUA;PLAZA VEA;15;14;PLAZA VEA MOQUEGUA
SPSA.xlsx;20112657;LOBOS-SAL-FINA-SAL-DE-MESA-PET125GR;LOBOS;59;SPSA-PVEA-CALLAO;PLAZA VEA;22;33;PLAZA VEA CALLAO
SPSA.xlsx;20112657;LOBOS-SAL-FINA-SAL-DE-MESA-PET125GR;LOBOS;192;SPSA-PVEA-SULLANA;PLAZA VEA;10;19;PLAZA VEA SULLANA
SPSA.xlsx;20112657;LOBOS-SAL-FINA-SAL-DE-MESA-PET125GR;LOBOS;2;PVO-PLAZA-VEA-PUCALLPA;PLAZA VEA;38;17;PLAZA VEA PUCALLPA
SPSA.xlsx;20112657;LOBOS-SAL-FINA-SAL-DE-MESA-PET125GR;LOBOS;64;SPSA-PVEA-MIRAFLORES;PLAZA VEA;70;34;PLAZA VEA MIRAFLORES
SPSA.xlsx;20112657;LOBOS-SAL-FINA-SAL-DE-MESA-PET125GR;LOBOS;724;SPSA-PVEA-TUMBES;PLAZA VEA;21;18;PLAZA VEA TUMBES
SPSA.xlsx;20112657;LOBOS-SAL-FINA-SAL-DE-MESA-PET125GR;LOBOS;177;SPSA-PVEA-TALARA;PLAZA VEA;21;5;PLAZA VEA TALARA
SPSA.xlsx;20112657;LOBOS-SAL-FINA-SAL-DE-MESA-PET125GR;LOBOS;219;SPSA-PVEA-LA-PERLA;PLAZA VEA;16;10;PLAZA VEA LA PERLA
SPSA.xlsx;20112657;LOBOS-SAL-FINA-SAL-DE-MESA-PET125GR;LOBOS;208;SPSA-PV-LA-VICTORIA;PLAZA VEA;19;17;PLAZA VEA LA VICTORIA
SPSA.xlsx;20112657;LOBOS-SAL-FINA-SAL-DE-MESA-PET125GR;LOBOS;142;SPSA-PVEA-CHINCHA;PLAZA VEA;18;17;PLAZA VEA CHINCHA
SPSA.xlsx;20112657;LOBOS-SAL-FINA-SAL-DE-MESA-PET125GR;LOBOS;238;SPSA-PVEA-GRIFO-MEXICO;PLAZA VEA;4;17;PLAZA VEA GRIFO MEXICO
SPSA.xlsx;20112657;LOBOS-SAL-FINA-SAL-DE-MESA-PET125GR;LOBOS;220;SPSA-PVEA-TRUJILLO-VALCARCEL;PLAZA VEA;11;21;PLAZA VEA TRUJILLO VALCARCEL
SPSA.xlsx;20112657;LOBOS-SAL-FINA-SAL-DE-MESA-PET125GR;LOBOS;66;SPSA-PVEA-ATE;PLAZA VEA;12;22;PLAZA VEA ATE
SPSA.xlsx;20112657;LOBOS-SAL-FINA-SAL-DE-MESA-PET125GR;LOBOS;224;SPSA-PVEA-BRENA;PLAZA VEA;42;17;PLAZA VEA BRENA
SPSA.xlsx;20112657;LOBOS-SAL-FINA-SAL-DE-MESA-PET125GR;LOBOS;2637;SPSA-PLAZA-VEA-TARAPOTO-2;PLAZA VEA;34;52;PLAZA VEA TARAPOTO 2
SPSA.xlsx;20112657;LOBOS-SAL-FINA-SAL-DE-MESA-PET125GR;LOBOS;422;SPSA-PVEA-ART-EXPRESS;PLAZA VEA;5;16;PLAZA VEA ART  EXPRESS
SPSA.xlsx;20112657;LOBOS-SAL-FINA-SAL-DE-MESA-PET125GR;LOBOS;84;SPSA-PVEA-COMAS;PLAZA VEA;24;16;PLAZA VEA COMAS
SPSA.xlsx;20112657;LOBOS-SAL-FINA-SAL-DE-MESA-PET125GR;LOBOS;106;SPSA-PVEA-VALLE-HERMOSO;PLAZA VEA;33;8;PLAZA VEA VALLE HERMOSO
SPSA.xlsx;20112657;LOBOS-SAL-FINA-SAL-DE-MESA-PET125GR;LOBOS;158;SPSA-PVEA-VILLA-EL-SALVADOR;PLAZA VEA;14;25;PLAZA VEA VILLA EL SALVADOR
SPSA.xlsx;20112657;LOBOS-SAL-FINA-SAL-DE-MESA-PET125GR;LOBOS;333;SPSA-PVEA-PLACITA;PLAZA VEA;14;24;PLAZA VEA PLACITA
SPSA.xlsx;20112657;LOBOS-SAL-FINA-SAL-DE-MESA-PET125GR;LOBOS;138;SPSA-PVEA-JR-DE-LA-UNION;PLAZA VEA;8;14;PLAZA VEA JR DE LA UNION
SPSA.xlsx;20112657;LOBOS-SAL-FINA-SAL-DE-MESA-PET125GR;LOBOS;207;SPSA-PVEA-VILLA-MARINA;PLAZA VEA;11;24;PLAZA VEA VILLA MARINA
SPSA.xlsx;20112657;LOBOS-SAL-FINA-SAL-DE-MESA-PET125GR;LOBOS;122;SPSA-PVEA-ICA;PLAZA VEA;30;10;PLAZA VEA ICA
SPSA.xlsx;20112657;LOBOS-SAL-FINA-SAL-DE-MESA-PET125GR;LOBOS;90;SPSA-VIVANDA-PEZET;VIVANDA;30;3;VIVANDA PEZET
SPSA.xlsx;20112657;LOBOS-SAL-FINA-SAL-DE-MESA-PET125GR;LOBOS;226;SPSA-PVEA-PAITA;PLAZA VEA;6;15;PLAZA VEA PAITA
SPSA.xlsx;20112657;LOBOS-SAL-FINA-SAL-DE-MESA-PET125GR;LOBOS;130;SPSA-PVEA-CHIMBOTE;PLAZA VEA;22;16;PLAZA VEA CHIMBOTE
SPSA.xlsx;20112657;LOBOS-SAL-FINA-SAL-DE-MESA-PET125GR;LOBOS;95;SPSA-VIVANDA-MONTERRICO;VIVANDA;23;30;VIVANDA MONTERRICO
SPSA.xlsx;20112657;LOBOS-SAL-FINA-SAL-DE-MESA-PET125GR;LOBOS;120;SPSA-PVEA-UNIVERSITARIA;PLAZA VEA;23;22;PLAZA VEA UNIVERSITARIA
SPSA.xlsx;20112657;LOBOS-SAL-FINA-SAL-DE-MESA-PET125GR;LOBOS;144;SPSA-PVEA-HUACHO;PLAZA VEA;22;13;PLAZA VEA HUACHO
SPSA.xlsx;20112657;LOBOS-SAL-FINA-SAL-DE-MESA-PET125GR;LOBOS;126;SPSA-PVEA-SANTA-CLARA;PLAZA VEA;45;19;PLAZA VEA SANTA CLARA
SPSA.xlsx;20112657;LOBOS-SAL-FINA-SAL-DE-MESA-PET125GR;LOBOS;118;SPSA-PVEA-ALFONSO-UGARTE;PLAZA VEA;16;16;PLAZA VEA ALFONSO UGARTE
SPSA.xlsx;20112657;LOBOS-SAL-FINA-SAL-DE-MESA-PET125GR;LOBOS;140;SPSA-VIVANDA-LIBERTADORES;VIVANDA;19;21;VIVANDA LIBERTADORES
SPSA.xlsx;20112657;LOBOS-SAL-FINA-SAL-DE-MESA-PET125GR;LOBOS;115;SPSA-PVEA-HUANCAYO;PLAZA VEA;17;17;PLAZA VEA HUANCAYO
SPSA.xlsx;20112657;LOBOS-SAL-FINA-SAL-DE-MESA-PET125GR;LOBOS;291;SPSA-PVEA-LA-CURVA;PLAZA VEA;28;15;PLAZA VEA LA CURVA
SPSA.xlsx;20112657;LOBOS-SAL-FINA-SAL-DE-MESA-PET125GR;LOBOS;236;SPSA-PVEA-PISCO;PLAZA VEA;29;18;PLAZA VEA PISCO
SPSA.xlsx;20112657;LOBOS-SAL-FINA-SAL-DE-MESA-PET125GR;LOBOS;262;PVEA-TALARA-MALL;PLAZA VEA;22;22;PLAZA VEA TALARA MALL
SPSA.xlsx;20112657;LOBOS-SAL-FINA-SAL-DE-MESA-PET125GR;LOBOS;201;SPSA-PVEA-HUARAL;PLAZA VEA;28;21;PLAZA VEA HUARAL
SPSA.xlsx;20112657;LOBOS-SAL-FINA-SAL-DE-MESA-PET125GR;LOBOS;723;SPSA-PVEA-PURUCHUCO;PLAZA VEA;38;22;PLAZA VEA PURUCHUCO
SPSA.xlsx;20112657;LOBOS-SAL-FINA-SAL-DE-MESA-PET125GR;LOBOS;105;SPSA-PVEA-SALAMANCA;PLAZA VEA;29;14;PLAZA VEA SALAMANCA
SPSA.xlsx;20112657;LOBOS-SAL-FINA-SAL-DE-MESA-PET125GR;LOBOS;202;SPSA-PVEA-LURIN;PLAZA VEA;35;27;PLAZA VEA LURIN
SPSA.xlsx;20112657;LOBOS-SAL-FINA-SAL-DE-MESA-PET125GR;LOBOS;181;SPSA-SVEA-SKA-CHIMBOTE;PLAZA VEA;8;20;SVEA SKA CHIMBOTE
SPSA.xlsx;20112657;LOBOS-SAL-FINA-SAL-DE-MESA-PET125GR;LOBOS;198;SPSA-PVEA-IGLESIAS;PLAZA VEA;16;21;PLAZA VEA IGLESIAS
SPSA.xlsx;20112657;LOBOS-SAL-FINA-SAL-DE-MESA-PET125GR;LOBOS;61;SPSA-PVEA-CORTIJO;PLAZA VEA;48;24;PLAZA VEA CORTIJO
SPSA.xlsx;20112657;LOBOS-SAL-FINA-SAL-DE-MESA-PET125GR;LOBOS;134;SPSA-PVEA-CENTRO-CIVICO;PLAZA VEA;24;21;PLAZA VEA CENTRO CIVICO
SPSA.xlsx;20112657;LOBOS-SAL-FINA-SAL-DE-MESA-PET125GR;LOBOS;1593;SPSA-PLAZA-VEA-AVENTURA-SJL;PLAZA VEA;39;27;PLAZA VEA AVENTURA SJL
SPSA.xlsx;20112657;LOBOS-SAL-FINA-SAL-DE-MESA-PET125GR;LOBOS;5;PVO-PLAZA-VEA-TARAPOTO;PLAZA VEA;31;27;PLAZA VEA TARAPOTO
SPSA.xlsx;20112657;LOBOS-SAL-FINA-SAL-DE-MESA-PET125GR;LOBOS;108;SPSA-PVEA-AYACUCHO;PLAZA VEA;25;15;PLAZA VEA AYACUCHO
SPSA.xlsx;20112657;LOBOS-SAL-FINA-SAL-DE-MESA-PET125GR;LOBOS;221;SPSA-PVEA-BARRANCA;PLAZA VEA;15;20;PLAZA VEA BARRANCA
SPSA.xlsx;20112657;LOBOS-SAL-FINA-SAL-DE-MESA-PET125GR;LOBOS;156;SPSA-PVEA-EL-TAMBO;PLAZA VEA;20;10;PLAZA VEA EL TAMBO
SPSA.xlsx;20112657;LOBOS-SAL-FINA-SAL-DE-MESA-PET125GR;LOBOS;191;SPSA-PVEA-CASINO-RIMAC;PLAZA VEA;8;18;PLAZA VEA CASINO RIMAC
SPSA.xlsx;20112657;LOBOS-SAL-FINA-SAL-DE-MESA-PET125GR;LOBOS;769;SPSA-PVEA-CHICLAYO-MALL;PLAZA VEA;18;16;PLAZA VEA CHICLAYO MALL
SPSA.xlsx;20112657;LOBOS-SAL-FINA-SAL-DE-MESA-PET125GR;LOBOS;119;SPSA-PVEA-PUENTE-PIEDRA;PLAZA VEA;26;23;PLAZA VEA PUENTE PIEDRA
SPSA.xlsx;20112657;LOBOS-SAL-FINA-SAL-DE-MESA-PET125GR;LOBOS;145;SPSA-PVEA-PIURA;PLAZA VEA;39;27;PLAZA VEA PIURA
SPSA.xlsx;20112657;LOBOS-SAL-FINA-SAL-DE-MESA-PET125GR;LOBOS;206;SPSA-EMAX-LA-PAZ;EMAX;43;22;EMAX LA PAZ
SPSA.xlsx;20112657;LOBOS-SAL-FINA-SAL-DE-MESA-PET125GR;LOBOS;37;SPSA-PVEA-JOCKEY;PLAZA VEA;29;22;PLAZA VEA JOCKEY
SPSA.xlsx;20112657;LOBOS-SAL-FINA-SAL-DE-MESA-PET125GR;LOBOS;209;SPSA-XPRESS-BOLOGNESI;PLAZA VEA;6;26;XPRESS BOLOGNESI
SPSA.xlsx;20112657;LOBOS-SAL-FINA-SAL-DE-MESA-PET125GR;LOBOS;193;SPSA-PVEA-TRUJILLO-MANSICHE;PLAZA VEA;16;14;PLAZA VEA TRUJILLO MANSICHE
SPSA.xlsx;20112657;LOBOS-SAL-FINA-SAL-DE-MESA-PET125GR;LOBOS;4;PVO-PLAZA-VEA-JAEN;PLAZA VEA;23;15;PLAZA VEA JAEN
SPSA.xlsx;20112657;LOBOS-SAL-FINA-SAL-DE-MESA-PET125GR;LOBOS;1198;SPSA-PVEA-CUSCO-WANCHAQ;PLAZA VEA;55;16;PLAZA VEA CUSCO WANCHAQ
SPSA.xlsx;20112657;LOBOS-SAL-FINA-SAL-DE-MESA-PET125GR;LOBOS;258;PLAZA-VEA-CHACLACAYO;PLAZA VEA;41;10;PLAZA VEA CHACLACAYO
SPSA.xlsx;20112657;LOBOS-SAL-FINA-SAL-DE-MESA-PET125GR;LOBOS;172;SPSA-PVEA-PUNO;PLAZA VEA;31;26;PLAZA VEA PUNO
SPSA.xlsx;20112657;LOBOS-SAL-FINA-SAL-DE-MESA-PET125GR;LOBOS;10;SPSA-PVEA-CAMINOS-DEL-INCA;PLAZA VEA;63;28;PLAZA VEA CAMINOS DEL INCA
SPSA.xlsx;20112657;LOBOS-SAL-FINA-SAL-DE-MESA-PET125GR;LOBOS;210;SPSA-XPRESS-SANTA-CRUZ;PLAZA VEA;10;14;XPRESS SANTA CRUZ
SPSA.xlsx;20112657;LOBOS-SAL-FINA-SAL-DE-MESA-PET125GR;LOBOS;52;SPSA-PVEA-BRASIL;PLAZA VEA;39;12;PLAZA VEA BRASIL
SPSA.xlsx;20112657;LOBOS-SAL-FINA-SAL-DE-MESA-PET125GR;LOBOS;465;SPSA-PVEA-SUCRE;PLAZA VEA;50;27;PLAZA VEA SUCRE
SPSA.xlsx;20112657;LOBOS-SAL-FINA-SAL-DE-MESA-PET125GR;LOBOS;141;SPSA-PVEA-CHOSICA;PLAZA VEA;50;17;PLAZA VEA CHOSICA
SPSA.xlsx;20112657;LOBOS-SAL-FINA-SAL-DE-MESA-PET125GR;LOBOS;133;SPSA-PVEA-GUARDIA-CIVIL;PLAZA VEA;27;20;PLAZA VEA GUARDIA CIVIL
SPSA.xlsx;20112657;LOBOS-SAL-FINA-SAL-DE-MESA-PET125GR;LOBOS;159;SPSA-PVEA-ACHO;PLAZA VEA;14;21;PLAZA VEA ACHO
SPSA.xlsx;20112657;LOBOS-SAL-FINA-SAL-DE-MESA-PET125GR;LOBOS;80;SPSA-PVEA-LA-BOLICHERA;PLAZA VEA;24;26;PLAZA VEA LA BOLICHERA
SPSA.xlsx;20112657;LOBOS-SAL-FINA-SAL-DE-MESA-PET125GR;LOBOS;94;SPSA-VIVANDA-BENAVIDES;VIVANDA;50;27;VIVANDA BENAVIDES
SPSA.xlsx;20112657;LOBOS-SAL-FINA-SAL-DE-MESA-PET125GR;LOBOS;216;SPSA-PVEA-PROCERES;PLAZA VEA;18;17;PLAZA VEA PROCERES
SPSA.xlsx;20112657;LOBOS-SAL-FINA-SAL-DE-MESA-PET125GR;LOBOS;261;SPSA-PVEA-EL-AGUSTINO;PLAZA VEA;8;22;PLAZA VEA EL AGUSTINO
SPSA.xlsx;20112657;LOBOS-SAL-FINA-SAL-DE-MESA-PET125GR;LOBOS;68;SPSA-PVEA-PRIMAVERA;PLAZA VEA;21;14;PLAZA VEA PRIMAVERA
SPSA.xlsx;20112657;LOBOS-SAL-FINA-SAL-DE-MESA-PET125GR;LOBOS;89;SPSA-PVEA-RISSO;PLAZA VEA;52;28;PLAZA VEA RISSO
SPSA.xlsx;20112657;LOBOS-SAL-FINA-SAL-DE-MESA-PET125GR;LOBOS;112;SPSA-PVEA-CERES;PLAZA VEA;14;17;PLAZA VEA CERES
SPSA.xlsx;20112657;LOBOS-SAL-FINA-SAL-DE-MESA-PET125GR;LOBOS;109;SPSA-PVEA-DASSO;PLAZA VEA;16;22;PLAZA VEA DASSO
SPSA.xlsx;20112657;LOBOS-SAL-FINA-SAL-DE-MESA-PET125GR;LOBOS;93;SPSA-VIVANDA-DOS-DE-MAYO;VIVANDA;24;0;VIVANDA DOS DE MAYO
SPSA.xlsx;20112657;LOBOS-SAL-FINA-SAL-DE-MESA-PET125GR;LOBOS;132;SPSA-PVEA-EL-EJERCITO;PLAZA VEA;20;12;PLAZA VEA EL EJERCITO
SPSA.xlsx;20112657;LOBOS-SAL-FINA-SAL-DE-MESA-PET125GR;LOBOS;902;SPSA-CD-TRUJILLO;CD;0;10;SPSA CD TRUJILLO
SPSA.xlsx;20112657;LOBOS-SAL-FINA-SAL-DE-MESA-PET125GR;LOBOS;917;SPSA-CD-PUNTA-NEGRA;CD;0;-110;CD PUNTA NEGRA
SPSA.xlsx;20009796;BADIA-ROMERO-BL-14-20-GR;BADIA;64;SPSA-PVEA-MIRAFLORES;PLAZA VEA;14;1;PLAZA VEA MIRAFLORES
SPSA.xlsx;20009796;BADIA-ROMERO-BL-14-20-GR;BADIA;90;SPSA-VIVANDA-PEZET;VIVANDA;5;16;VIVANDA PEZET
SPSA.xlsx;20009796;BADIA-ROMERO-BL-14-20-GR;BADIA;10;SPSA-PVEA-CAMINOS-DEL-INCA;PLAZA VEA;22;21;PLAZA VEA CAMINOS DEL INCA
SPSA.xlsx;20009796;BADIA-ROMERO-BL-14-20-GR;BADIA;104;SPSA-PVEA-AREQUIPA;PLAZA VEA;1;13;PLAZA VEA AREQUIPA
SPSA.xlsx;20009796;BADIA-ROMERO-BL-14-20-GR;BADIA;81;SPSA-PVEA-LA-MOLINA;PLAZA VEA;12;17;PLAZA VEA LA MOLINA
SPSA.xlsx;20009796;BADIA-ROMERO-BL-14-20-GR;BADIA;195;SPSA-PVEA-SAN-BORJA;PLAZA VEA;13;13;PLAZA VEA SAN BORJA
SPSA.xlsx;20009796;BADIA-ROMERO-BL-14-20-GR;BADIA;109;SPSA-PVEA-DASSO;PLAZA VEA;13;10;PLAZA VEA DASSO
SPSA.xlsx;20009796;BADIA-ROMERO-BL-14-20-GR;BADIA;95;SPSA-VIVANDA-MONTERRICO;VIVANDA;6;11;VIVANDA MONTERRICO
SPSA.xlsx;20009796;BADIA-ROMERO-BL-14-20-GR;BADIA;106;SPSA-PVEA-VALLE-HERMOSO;PLAZA VEA;14;28;PLAZA VEA VALLE HERMOSO
SPSA.xlsx;20009796;BADIA-ROMERO-BL-14-20-GR;BADIA;227;SPSA-PVEA-SAN-ISIDRO;PLAZA VEA;7;18;PLAZA VEA SAN ISIDRO
SPSA.xlsx;20009796;BADIA-ROMERO-BL-14-20-GR;BADIA;895;MAKRO-HUANCAYO;MAKRO;1;0;MAKRO HUANCAYO
SPSA.xlsx;20009796;BADIA-ROMERO-BL-14-20-GR;BADIA;1198;SPSA-PVEA-CUSCO-WANCHAQ;PLAZA VEA;1;3;PLAZA VEA CUSCO WANCHAQ
SPSA.xlsx;20009796;BADIA-ROMERO-BL-14-20-GR;BADIA;61;SPSA-PVEA-CORTIJO;PLAZA VEA;22;25;PLAZA VEA CORTIJO
SPSA.xlsx;20009796;BADIA-ROMERO-BL-14-20-GR;BADIA;290;SPSA-VIVANDA-ASIA;VIVANDA;6;18;VIVANDA ASIA
SPSA.xlsx;20009796;BADIA-ROMERO-BL-14-20-GR;BADIA;93;SPSA-VIVANDA-DOS-DE-MAYO;VIVANDA;5;17;VIVANDA DOS DE MAYO
SPSA.xlsx;20009796;BADIA-ROMERO-BL-14-20-GR;BADIA;510;AREQUIPA-2-MK;MAKRO;7;0;MAKRO AREQUIPA 2
SPSA.xlsx;20009796;BADIA-ROMERO-BL-14-20-GR;BADIA;140;SPSA-VIVANDA-LIBERTADORES;VIVANDA;17;12;VIVANDA LIBERTADORES
SPSA.xlsx;20009796;BADIA-ROMERO-BL-14-20-GR;BADIA;94;SPSA-VIVANDA-BENAVIDES;VIVANDA;15;6;VIVANDA BENAVIDES
SPSA.xlsx;20009796;BADIA-ROMERO-BL-14-20-GR;BADIA;917;SPSA-CD-PUNTA-NEGRA;CD;0;-36;CD PUNTA NEGRA
SPSA.xlsx;20149430;BADIA-ACHIOTE-EN-POLVO-X-77-9-GR;BADIA;1250;MAKRO-CHIMBOTE;MAKRO;6;21;MAKRO CHIMBOTE
SPSA.xlsx;20149430;BADIA-ACHIOTE-EN-POLVO-X-77-9-GR;BADIA;81;SPSA-PVEA-LA-MOLINA;PLAZA VEA;14;14;PLAZA VEA LA MOLINA
SPSA.xlsx;20149430;BADIA-ACHIOTE-EN-POLVO-X-77-9-GR;BADIA;10;SPSA-PVEA-CAMINOS-DEL-INCA;PLAZA VEA;8;19;PLAZA VEA CAMINOS DEL INCA
SPSA.xlsx;20149430;BADIA-ACHIOTE-EN-POLVO-X-77-9-GR;BADIA;448;ZARATE-2- -MK;MAKRO;5;19;MAKRO ZARATE 2
SPSA.xlsx;20149430;BADIA-ACHIOTE-EN-POLVO-X-77-9-GR;BADIA;1252;MAKRO-SAN-MARTIN-DE-PORRES;MAKRO;8;30;MAKRO SAN MARTIN DE PORRES
SPSA.xlsx;20149430;BADIA-ACHIOTE-EN-POLVO-X-77-9-GR;BADIA;360;MAKRO-SURCO;MAKRO;46;11;MAKRO SURCO
SPSA.xlsx;20149430;BADIA-ACHIOTE-EN-POLVO-X-77-9-GR;BADIA;357;MAKRO-INDEPENDENCIA;MAKRO;33;15;MAKRO INDEPENDENCIA
SPSA.xlsx;20149430;BADIA-ACHIOTE-EN-POLVO-X-77-9-GR;BADIA;899;MAKRO-TRUJILLO-II;MAKRO;17;19;MAKRO TRUJILLO II
SPSA.xlsx;20149430;BADIA-ACHIOTE-EN-POLVO-X-77-9-GR;BADIA;358;MAKRO-CALLAO;MAKRO;29;20;MAKRO CALLAO
SPSA.xlsx;20149430;BADIA-ACHIOTE-EN-POLVO-X-77-9-GR;BADIA;510;AREQUIPA-2-MK;MAKRO;15;21;MAKRO AREQUIPA 2
SPSA.xlsx;20149430;BADIA-ACHIOTE-EN-POLVO-X-77-9-GR;BADIA;93;SPSA-VIVANDA-DOS-DE-MAYO;VIVANDA;5;12;VIVANDA DOS DE MAYO
SPSA.xlsx;20149430;BADIA-ACHIOTE-EN-POLVO-X-77-9-GR;BADIA;509;PIURA-2-MK;MAKRO;21;12;MAKRO PIURA 2
SPSA.xlsx;20149430;BADIA-ACHIOTE-EN-POLVO-X-77-9-GR;BADIA;64;SPSA-PVEA-MIRAFLORES;PLAZA VEA;15;7;PLAZA VEA MIRAFLORES
SPSA.xlsx;20149430;BADIA-ACHIOTE-EN-POLVO-X-77-9-GR;BADIA;359;MAKRO-SANTA-ANITA;MAKRO;37;16;MAKRO SANTA ANITA
SPSA.xlsx;20149430;BADIA-ACHIOTE-EN-POLVO-X-77-9-GR;BADIA;1033;MAKRO-VENEZUELA;MAKRO;23;17;MAKRO VENEZUELA
SPSA.xlsx;20149430;BADIA-ACHIOTE-EN-POLVO-X-77-9-GR;BADIA;95;SPSA-VIVANDA-MONTERRICO;VIVANDA;13;12;VIVANDA MONTERRICO
SPSA.xlsx;20149430;BADIA-ACHIOTE-EN-POLVO-X-77-9-GR;BADIA;1058;MAKRO-HUAYLAS;MAKRO;11;12;MAKRO HUAYLAS
SPSA.xlsx;20149430;BADIA-ACHIOTE-EN-POLVO-X-77-9-GR;BADIA;710;MAKRO-SAN-JUAN-DE-LURIGANCHO;MAKRO;10;17;MAKRO SAN JUAN DE LURIGANCHO
SPSA.xlsx;20149430;BADIA-ACHIOTE-EN-POLVO-X-77-9-GR;BADIA;893;MAKRO-COMAS;MAKRO;8;23;MAKRO COMAS
SPSA.xlsx;20149430;BADIA-ACHIOTE-EN-POLVO-X-77-9-GR;BADIA;61;SPSA-PVEA-CORTIJO;PLAZA VEA;13;6;PLAZA VEA CORTIJO
SPSA.xlsx;20149430;BADIA-ACHIOTE-EN-POLVO-X-77-9-GR;BADIA;564;MAKRO-CHICLAYO;MAKRO;31;0;MAKRO CHICLAYO
SPSA.xlsx;20149430;BADIA-ACHIOTE-EN-POLVO-X-77-9-GR;BADIA;106;SPSA-PVEA-VALLE-HERMOSO;PLAZA VEA;6;23;PLAZA VEA VALLE HERMOSO
SPSA.xlsx;20149430;BADIA-ACHIOTE-EN-POLVO-X-77-9-GR;BADIA;90;SPSA-VIVANDA-PEZET;VIVANDA;8;12;VIVANDA PEZET
SPSA.xlsx;20149430;BADIA-ACHIOTE-EN-POLVO-X-77-9-GR;BADIA;891;MAKRO-TRUJILLO-I;MAKRO;37;6;MAKRO TRUJILLO I
SPSA.xlsx;20149430;BADIA-ACHIOTE-EN-POLVO-X-77-9-GR;BADIA;2273;MAKRO-SJM;MAKRO;5;16;MAKRO SAN JUAN DE MIRAFLORES
SPSA.xlsx;20149430;BADIA-ACHIOTE-EN-POLVO-X-77-9-GR;BADIA;892;MAKRO-PIURA;MAKRO;24;11;MAKRO PIURA
SPSA.xlsx;20149430;BADIA-ACHIOTE-EN-POLVO-X-77-9-GR;BADIA;895;MAKRO-HUANCAYO;MAKRO;9;23;MAKRO HUANCAYO
SPSA.xlsx;20149430;BADIA-ACHIOTE-EN-POLVO-X-77-9-GR;BADIA;94;SPSA-VIVANDA-BENAVIDES;VIVANDA;4;14;VIVANDA BENAVIDES
SPSA.xlsx;20149430;BADIA-ACHIOTE-EN-POLVO-X-77-9-GR;BADIA;511;SULLANA-MK;MAKRO;8;17;MAKRO SULLANA
SPSA.xlsx;20149430;BADIA-ACHIOTE-EN-POLVO-X-77-9-GR;BADIA;140;SPSA-VIVANDA-LIBERTADORES;VIVANDA;5;10;VIVANDA LIBERTADORES
SPSA.xlsx;20149430;BADIA-ACHIOTE-EN-POLVO-X-77-9-GR;BADIA;522;MAKRO-AREQUIPA;MAKRO;13;19;MAKRO AREQUIPA
SPSA.xlsx;20149430;BADIA-ACHIOTE-EN-POLVO-X-77-9-GR;BADIA;894;MAKRO-VILLA-EL-SALVADOR;MAKRO;13;16;MAKRO VILLA EL SALVADOR
SPSA.xlsx;20149430;BADIA-ACHIOTE-EN-POLVO-X-77-9-GR;BADIA;449;CUSCO-MK;MAKRO;8;23;MAKRO CUSCO
SPSA.xlsx;20149430;BADIA-ACHIOTE-EN-POLVO-X-77-9-GR;BADIA;227;SPSA-PVEA-SAN-ISIDRO;PLAZA VEA;15;9;PLAZA VEA SAN ISIDRO
SPSA.xlsx;20149430;BADIA-ACHIOTE-EN-POLVO-X-77-9-GR;BADIA;109;SPSA-PVEA-DASSO;PLAZA VEA;7;20;PLAZA VEA DASSO
SPSA.xlsx;20149430;BADIA-ACHIOTE-EN-POLVO-X-77-9-GR;BADIA;195;SPSA-PVEA-SAN-BORJA;PLAZA VEA;3;14;PLAZA VEA SAN BORJA
SPSA.xlsx;20149430;BADIA-ACHIOTE-EN-POLVO-X-77-9-GR;BADIA;290;SPSA-VIVANDA-ASIA;VIVANDA;0;41;VIVANDA ASIA
SPSA.xlsx;20149430;BADIA-ACHIOTE-EN-POLVO-X-77-9-GR;BADIA;917;SPSA-CD-PUNTA-NEGRA;CD;0;-8;CD PUNTA NEGRA
SPSA.xlsx;20506843;MAILLE-MOSTAZA-A-LA-ANTIGUA-FR-210G;MAILLE;80;SPSA-PVEA-LA-BOLICHERA;PLAZA VEA;2;18;PLAZA VEA LA BOLICHERA
SPSA.xlsx;20506843;MAILLE-MOSTAZA-A-LA-ANTIGUA-FR-210G;MAILLE;90;SPSA-VIVANDA-PEZET;VIVANDA;21;22;VIVANDA PEZET
SPSA.xlsx;20506843;MAILLE-MOSTAZA-A-LA-ANTIGUA-FR-210G;MAILLE;140;SPSA-VIVANDA-LIBERTADORES;VIVANDA;25;8;VIVANDA LIBERTADORES
SPSA.xlsx;20506843;MAILLE-MOSTAZA-A-LA-ANTIGUA-FR-210G;MAILLE;109;SPSA-PVEA-DASSO;PLAZA VEA;17;19;PLAZA VEA DASSO
SPSA.xlsx;20506843;MAILLE-MOSTAZA-A-LA-ANTIGUA-FR-210G;MAILLE;48;SPSA-PVEA-HIGUERETA;PLAZA VEA;11;8;PLAZA VEA HIGUERETA
SPSA.xlsx;20506843;MAILLE-MOSTAZA-A-LA-ANTIGUA-FR-210G;MAILLE;106;SPSA-PVEA-VALLE-HERMOSO;PLAZA VEA;12;8;PLAZA VEA VALLE HERMOSO
SPSA.xlsx;20506843;MAILLE-MOSTAZA-A-LA-ANTIGUA-FR-210G;MAILLE;139;SPSA-PVEA-ALAMEDA-SUR;PLAZA VEA;10;15;PLAZA VEA ALAMEDA SUR
SPSA.xlsx;20506843;MAILLE-MOSTAZA-A-LA-ANTIGUA-FR-210G;MAILLE;81;SPSA-PVEA-LA-MOLINA;PLAZA VEA;7;18;PLAZA VEA LA MOLINA
SPSA.xlsx;20506843;MAILLE-MOSTAZA-A-LA-ANTIGUA-FR-210G;MAILLE;64;SPSA-PVEA-MIRAFLORES;PLAZA VEA;24;10;PLAZA VEA MIRAFLORES
SPSA.xlsx;20506843;MAILLE-MOSTAZA-A-LA-ANTIGUA-FR-210G;MAILLE;227;SPSA-PVEA-SAN-ISIDRO;PLAZA VEA;11;16;PLAZA VEA SAN ISIDRO
SPSA.xlsx;20506843;MAILLE-MOSTAZA-A-LA-ANTIGUA-FR-210G;MAILLE;10;SPSA-PVEA-CAMINOS-DEL-INCA;PLAZA VEA;20;7;PLAZA VEA CAMINOS DEL INCA
SPSA.xlsx;20506843;MAILLE-MOSTAZA-A-LA-ANTIGUA-FR-210G;MAILLE;195;SPSA-PVEA-SAN-BORJA;PLAZA VEA;12;9;PLAZA VEA SAN BORJA
SPSA.xlsx;20506843;MAILLE-MOSTAZA-A-LA-ANTIGUA-FR-210G;MAILLE;229;SPSA-PVEA-SALAVERRY;PLAZA VEA;17;15;PLAZA VEA SALAVERRY
SPSA.xlsx;20506843;MAILLE-MOSTAZA-A-LA-ANTIGUA-FR-210G;MAILLE;37;SPSA-PVEA-JOCKEY;PLAZA VEA;9;7;PLAZA VEA JOCKEY
SPSA.xlsx;